{
    "__comment": "Model generated using MrCrayfish's Model Creator (http://mrcrayfish.com/modelcreator/)",
    "ambientocclusion": false,
    "textures": {
        "0": "block/anvil_base",
        "1": "block/anvil_top"
    },
    "display": {
        "fixed": {
            "rotation": [ 0, 90, 0 ],
            "translation": [ 0, 0, 0 ],
            "scale": [ 0.5, 0.5, 0.5 ]
        }
    },
    "elements": [
        {
            "name": "layer1",
            "from": [ 3.0, 15.0, 0.0 ], 
            "to": [ 13.0, 16.0, 16.0 ], 
            "shade": false,
            "faces": {
                "north": { "texture": "#0", "uv": [ 0.0, 1.0, 16.0, 3.0 ] },
                "east": { "texture": "#0", "uv": [ 16.0, 1.0, 0.0, 6.0 ] },
                "south": { "texture": "#0", "uv": [ 0.0, 1.0, 16.0, 3.0 ] },
                "west": { "texture": "#0", "uv": [ 0.0, 0.0, 16.0, 3.0 ], "rotation": 180 },
                "up": { "texture": "#1", "uv": [ 3.0, 0.0, 13.0, 16.0 ], "rotation": 180 },
                "down": { "texture": "#1", "uv": [ 3.0, 0.0, 4.0, 16.0 ], "rotation": 180 }
            }
        },
        {
            "name": "layer2",
            "from": [ 2.0, 11.0, 0.0 ], 
            "to": [ 14.0, 15.0, 16.0 ], 
            "shade": false,
            "faces": {
                "north": { "texture": "#0", "uv": [ 0.0, 2.0, 16.0, 7.0 ] },
                "east": { "texture": "#0", "uv": [ 16.0, 3.0, 0.0, 9.0 ] },
                "south": { "texture": "#0", "uv": [ 0.0, 2.0, 16.0, 7.0 ] },
                "west": { "texture": "#0", "uv": [ 0.0, 1.0, 16.0, 9.0 ] },
                "up": { "texture": "#1", "uv": [ 3.0, 0.0, 13.0, 16.0 ], "rotation": 180 },
                "down": { "texture": "#0", "uv": [ 0.0, 2.0, 16.0, 4.0 ], "rotation": 270 }
            }
        },
        {
            "name": "layer3",
            "from": [ 3.0, 10.0, 0.0 ], 
            "to": [ 13.0, 11.0, 16.0 ], 
            "shade": false,
            "faces": {
                "north": { "texture": "#0", "uv": [ 0.0, 4.0, 16.0, 7.0 ] },
                "east": { "texture": "#0", "uv": [ 0.0, 6.0, 16.0, 7.0 ] },
                "south": { "texture": "#0", "uv": [ 0.0, 4.0, 16.0, 7.0 ] },
                "west": { "texture": "#0", "uv": [ 0.0, 5.0, 16.0, 9.0 ] },
                "up": { "texture": "#1", "uv": [ 0.0, 0.0, 10.0, 16.0 ] },
                "down": { "texture": "#0", "uv": [ 0.0, 3.0, 16.0, 7.0 ] }
            }
        },
        {
            "name": "layer4",
            "from": [ 4.0, 9.0, 0.0 ], 
            "to": [ 12.0, 10.0, 16.0 ], 
            "shade": false,
            "faces": {
                "north": { "texture": "#0", "uv": [ 0.0, 5.0, 16.0, 8.0 ] },
                "east": { "texture": "#0", "uv": [ 0.0, 7.0, 16.0, 6.0 ] },
                "south": { "texture": "#0", "uv": [ 0.0, 5.0, 16.0, 8.0 ] },
                "west": { "texture": "#0", "uv": [ 0.0, 7.0, 16.0, 11.0 ] },
                "up": { "texture": "#1", "uv": [ 0.0, 0.0, 8.0, 16.0 ] },
                "down": { "texture": "#0", "uv": [ 0.0, 5.0, 16.0, 9.0 ], "rotation": 270 }
            }
        },
        {
            "name": "layer5",
            "from": [ 6.0, 3.0, 0.0 ], 
            "to": [ 10.0, 9.0, 16.0 ], 
            "shade": false,
            "faces": {
                "north": { "texture": "#0", "uv": [ 0.0, 6.0, 16.0, 13.0 ] },
                "east": { "texture": "#0", "uv": [ 16.0, 8.0, 0.0, 13.0 ] },
                "south": { "texture": "#0", "uv": [ 0.0, 8.0, 16.0, 11.0 ] },
                "west": { "texture": "#0", "uv": [ 0.0, 7.0, 16.0, 9.0 ] },
                "up": { "texture": "#0", "uv": [ 16.0, 12.0, 0.0, 4.0 ], "rotation": 180 },
                "down": { "texture": "#1", "uv": [ 3.0, 0.0, 4.0, 16.0 ], "rotation": 180 }
            }
        },
        {
            "name": "layer6",
            "from": [ 4.0, 2.0, 0.0 ], 
            "to": [ 12.0, 3.0, 16.0 ], 
            "shade": false,
            "faces": {
                "north": { "texture": "#0", "uv": [ 0.0, 10.0, 16.0, 14.0 ], "rotation": 90 },
                "east": { "texture": "#0", "uv": [ 0.0, 13.0, 16.0, 14.0 ], "rotation": 270 },
                "south": { "texture": "#0", "uv": [ 0.0, 7.0, 16.0, 14.0 ], "rotation": 270 },
                "west": { "texture": "#0", "uv": [ 0.0, 6.0, 16.0, 10.0 ] },
                "up": { "texture": "#0", "uv": [ 16.0, 6.0, 0.0, 14.0 ], "rotation": 270 },
                "down": { "texture": "#1", "uv": [ 3.0, 0.0, 4.0, 16.0 ], "rotation": 180 }
            }
        },
        {
            "name": "layer7",
            "from": [ 2.0, 1.0, 0.0 ], 
            "to": [ 14.0, 2.0, 16.0 ], 
            "shade": false,
            "faces": {
                "north": { "texture": "#0", "uv": [ 0.0, 11.0, 16.0, 16.0 ], "rotation": 90 },
                "east": { "texture": "#0", "uv": [ 0.0, 14.0, 16.0, 15.0 ], "rotation": 270 },
                "south": { "texture": "#0", "uv": [ 0.0, 8.0, 16.0, 15.0 ], "rotation": 270 },
                "west": { "texture": "#0", "uv": [ 0.0, 8.0, 16.0, 10.0 ], "rotation": 90 },
                "up": { "texture": "#0", "uv": [ 0.0, 7.0, 16.0, 15.0 ], "rotation": 270 },
                "down": { "texture": "#1", "uv": [ 3.0, 0.0, 4.0, 16.0 ], "rotation": 180, "cullface": "down" }
            }
        },
        {
            "name": "layer8",
            "from": [ 0.0, 0.0, 0.0 ], 
            "to": [ 16.0, 1.0, 16.0 ], 
            "shade": false,
            "faces": {
                "north": { "texture": "#0", "uv": [ 0.0, 16.0, 16.0, 12.0 ], "rotation": 270 },
                "east": { "texture": "#0", "uv": [ 0.0, 15.0, 16.0, 16.0 ] },
                "south": { "texture": "#0", "uv": [ 0.0, 8.0, 16.0, 16.0 ], "rotation": 270 },
                "west": { "texture": "#0", "uv": [ 0.0, 6.0, 16.0, 11.0 ] },
                "up": { "texture": "#0", "uv": [ 0.0, 8.0, 16.0, 16.0 ], "rotation": 270 },
                "down": { "texture": "#1", "uv": [ 3.0, 0.0, 4.0, 16.0 ] }
            }
        }
    ],
		"display": {
		"thirdperson_righthand": {
			"rotation": [75, 45, 0],
			"translation": [0, 2.5, 0],
			"scale": [0.375, 0.375, 0.375]
		},
		"thirdperson_lefthand": {
			"rotation": [75, 45, 0],
			"translation": [0, 2.5, 0],
			"scale": [0.375, 0.375, 0.375]
		},
		"firstperson_righthand": {
			"rotation": [0, 45, 0],
			"scale": [0.4, 0.4, 0.4]
		},
		"firstperson_lefthand": {
			"rotation": [0, 225, 0],
			"scale": [0.4, 0.4, 0.4]
		},
		"ground": {
			"translation": [0, 3, 0],
			"scale": [0.25, 0.25, 0.25]
		},
		"fixed": {
			"scale": [0.5, 0.5, 0.5]
		}
	}
}