{
    "textures": {
        "0": "block/planks_oak",
        "1": "block/piston_bottom",
        "2": "block/ice"
    },
    "elements": [
        {
            "name": "Base1",
            "from": [ 6.0, 0.0, 6.0 ], 
            "to": [ 10.0, 1.0, 10.0 ], 
            "faces": {
                "north": { "texture": "#0", "uv": [ 0.0, 0.0, 4.0, 1.0 ] },
                "east": { "texture": "#0", "uv": [ 0.0, 0.0, 4.0, 1.0 ] },
                "south": { "texture": "#0", "uv": [ 0.0, 0.0, 4.0, 1.0 ] },
                "west": { "texture": "#0", "uv": [ 0.0, 0.0, 4.0, 1.0 ] },
                "up": { "texture": "#1", "uv": [ 0.0, 0.0, 4.0, 4.0 ] },
                "down": { "texture": "#0", "uv": [ 0.0, 0.0, 4.0, 4.0 ] }
            }
        },
        {
            "name": "Base2",
            "from": [ 5.0, 1.0, 5.0 ], 
            "to": [ 11.0, 3.0, 11.0 ], 
            "faces": {
                "north": { "texture": "#0", "uv": [ 0.0, 0.0, 6.0, 2.0 ] },
                "east": { "texture": "#0", "uv": [ 0.0, 0.0, 6.0, 2.0 ] },
                "south": { "texture": "#0", "uv": [ 0.0, 0.0, 6.0, 2.0 ] },
                "west": { "texture": "#0", "uv": [ 0.0, 0.0, 6.0, 2.0 ] },
                "up": { "texture": "#0", "uv": [ 0.0, 0.0, 6.0, 6.0 ] },
                "down": { "texture": "#0", "uv": [ 0.0, 0.0, 6.0, 6.0 ] }
            }
        },
        {
            "name": "Base3",
            "from": [ 6.0, 2.0, 6.0 ], 
            "to": [ 10.0, 4.0, 10.0 ], 
            "faces": {
                "north": { "texture": "#0", "uv": [ 0.0, 0.0, 4.0, 2.0 ] },
                "east": { "texture": "#0", "uv": [ 0.0, 0.0, 4.0, 2.0 ] },
                "south": { "texture": "#0", "uv": [ 0.0, 0.0, 4.0, 2.0 ] },
                "west": { "texture": "#0", "uv": [ 0.0, 0.0, 4.0, 2.0 ] },
                "up": { "texture": "#0", "uv": [ 0.0, 0.0, 4.0, 4.0 ] },
                "down": { "texture": "#1", "uv": [ 0.0, 0.0, 4.0, 4.0 ] }
            }
        },
        {
            "name": "Base4",
            "from": [ 7.0, 4.0, 7.0 ], 
            "to": [ 9.0, 8.0, 9.0 ], 
            "faces": {
                "north": { "texture": "#1", "uv": [ 0.0, 0.0, 16.0, 16.0 ] },
                "east": { "texture": "#1", "uv": [ 0.0, 0.0, 16.0, 16.0 ] },
                "south": { "texture": "#1", "uv": [ 0.0, 0.0, 16.0, 16.0 ] },
                "west": { "texture": "#1", "uv": [ 0.0, 0.0, 16.0, 16.0 ] },
                "up": { "texture": "#1", "uv": [ 0.0, 0.0, 2.0, 2.0 ] },
                "down": { "texture": "#1", "uv": [ 0.0, 0.0, 2.0, 2.0 ] }
            }
        },
        {
            "name": "Chapeau1",
            "from": [ 3.0, 8.0, 3.0 ], 
            "to": [ 13.0, 9.0, 13.0 ], 
            "faces": {
                "north": { "texture": "#2", "uv": [ 0.0, 0.0, 10.0, 1.0 ] },
                "east": { "texture": "#2", "uv": [ 0.0, 0.0, 10.0, 1.0 ] },
                "south": { "texture": "#2", "uv": [ 0.0, 0.0, 10.0, 1.0 ] },
                "west": { "texture": "#2", "uv": [ 0.0, 0.0, 10.0, 1.0 ] },
                "up": { "texture": "#2", "uv": [ 0.0, 0.0, 10.0, 10.0 ] },
                "down": { "texture": "#2", "uv": [ 0.0, 0.0, 10.0, 10.0 ] }
            }
        },
        {
            "name": "Chapeau2",
            "from": [ 2.0, 9.0, 2.0 ], 
            "to": [ 14.0, 10.0, 14.0 ], 
            "faces": {
                "north": { "texture": "#2", "uv": [ 0.0, 0.0, 12.0, 1.0 ] },
                "east": { "texture": "#2", "uv": [ 0.0, 0.0, 12.0, 1.0 ] },
                "south": { "texture": "#2", "uv": [ 0.0, 0.0, 12.0, 1.0 ] },
                "west": { "texture": "#2", "uv": [ 0.0, 0.0, 12.0, 1.0 ] },
                "up": { "texture": "#2", "uv": [ 0.0, 0.0, 12.0, 12.0 ] },
                "down": { "texture": "#2", "uv": [ 0.0, 0.0, 12.0, 12.0 ] }
            }
        },
        {
            "name": "Chapeau3",
            "from": [ 3.0, 10.0, 3.0 ], 
            "to": [ 13.0, 11.0, 13.0 ], 
            "faces": {
                "north": { "texture": "#2", "uv": [ 0.0, 0.0, 10.0, 1.0 ] },
                "east": { "texture": "#2", "uv": [ 0.0, 0.0, 10.0, 1.0 ] },
                "south": { "texture": "#2", "uv": [ 0.0, 0.0, 10.0, 1.0 ] },
                "west": { "texture": "#2", "uv": [ 0.0, 0.0, 10.0, 1.0 ] },
                "up": { "texture": "#2", "uv": [ 0.0, 0.0, 10.0, 10.0 ] },
                "down": { "texture": "#1", "uv": [ 0.0, 0.0, 10.0, 10.0 ] }
            }
        },
        {
            "name": "Chapeau4",
            "from": [ 4.0, 11.0, 4.0 ], 
            "to": [ 12.0, 12.0, 12.0 ], 
            "faces": {
                "north": { "texture": "#2", "uv": [ 0.0, 0.0, 8.0, 1.0 ] },
                "east": { "texture": "#2", "uv": [ 0.0, 0.0, 8.0, 1.0 ] },
                "south": { "texture": "#2", "uv": [ 0.0, 0.0, 8.0, 1.0 ] },
                "west": { "texture": "#2", "uv": [ 0.0, 0.0, 8.0, 1.0 ] },
                "up": { "texture": "#2", "uv": [ 0.0, 0.0, 8.0, 8.0 ] },
                "down": { "texture": "#1", "uv": [ 0.0, 0.0, 8.0, 8.0 ] }
            }
        }
    ]
}