{
    "textures": {
        "0": "block/3d/metal_stripes",
        "1": "block/3d/metal_brushed",
        "2": "block/piston_bottom",
        "3": "block/3d/metal_circles"
    },
    "elements": [
        {
            "name": "Base",
            "from": [ 4.999999985098839, 0.0, 4.999999985098839 ], 
            "to": [ 10.999999985098839, 0.3999999910593033, 10.999999985098839 ], 
            "faces": {
                "north": { "texture": "#0", "uv": [ 0.0, 0.0, 16.0, 4.0 ] },
                "east": { "texture": "#0", "uv": [ 0.0, 0.0, 16.0, 3.9999999910593034 ] },
                "south": { "texture": "#0", "uv": [ 0.0, 0.0, 16.0, 3.999999991059303 ] },
                "west": { "texture": "#0", "uv": [ 0.0, 0.0, 16.0, 4.0 ] },
                "up": { "texture": "#1", "uv": [ 0.0, 0.0, 16.0, 16.0 ] },
                "down": { "texture": "#1", "uv": [ 0.0, 0.0, 6.0, 6.0 ] }
            }
        },
        {
            "name": "Foot",
            "from": [ 7.500000007450581, 0.4000000059604645, 7.500000007450581 ], 
            "to": [ 8.50000000745058, 15.50000000745058, 8.50000000745058 ], 
            "faces": {
                "north": { "texture": "#2", "uv": [ 0.0, 0.0, 16.0, 16.0 ] },
                "east": { "texture": "#2", "uv": [ 0.0, 0.0, 16.0, 16.0 ] },
                "south": { "texture": "#2", "uv": [ 0.0, 0.0, 16.0, 16.0 ] },
                "west": { "texture": "#2", "uv": [ 0.0, 0.0, 16.0, 16.0 ] },
                "up": { "texture": "#2", "uv": [ 0.0, 0.0, 1.0, 1.0 ] },
                "down": { "texture": "#2", "uv": [ 0.0, 0.0, 1.0, 1.0 ] }
            }
        },
        {
            "name": "Board",
            "from": [ 0.0, 15.50000000745058, 0.0 ], 
            "to": [ 16.0, 16.0, 16.0 ], 
            "faces": {
                "north": { "texture": "#0", "uv": [ 0.0, 0.0, 16.0, 4.0 ] },
                "east": { "texture": "#0", "uv": [ 0.0, 0.0, 16.0, 4.0 ] },
                "south": { "texture": "#0", "uv": [ 0.0, 0.0, 16.0, 4.0 ] },
                "west": { "texture": "#0", "uv": [ 0.0, 0.0, 16.0, 4.0 ] },
                "up": { "texture": "#3", "uv": [ 0.0, 0.0, 16.0, 16.0 ] },
                "down": { "texture": "#2", "uv": [ 0.0, 0.0, 16.0, 16.0 ] }
            }
        }
    ]
}