{
    "__comment": "Model generated using MrCrayfish's Model Creator (http://mrcrayfish.com/modelcreator/)",
    "textures": {
        "0": "block/anvil_base"
    },
    "elements": [
        {
            "name": "Base_C",
            "from": [ 6.0, 0.0, 6.0 ], 
            "to": [ 10.0, 1.0, 10.0 ], 
            "faces": {
                "north": { "texture": "#0", "uv": [ 0.0, 0.0, 4.0, 1.0 ] },
                "east": { "texture": "#0", "uv": [ 0.0, 0.0, 4.0, 1.0 ] },
                "south": { "texture": "#0", "uv": [ 0.0, 0.0, 4.0, 1.0 ] },
                "west": { "texture": "#0", "uv": [ 0.0, 0.0, 4.0, 1.0 ] },
                "up": { "texture": "#0", "uv": [ 0.0, 0.0, 4.0, 4.0 ] },
                "down": { "texture": "#0", "uv": [ 0.0, 0.0, 4.0, 4.0 ] }
            }
        },
        {
            "name": "Base_N",
            "from": [ 6.499999992549419, 0.0, 5.500000022351742 ], 
            "to": [ 9.499999977648258, 1.0, 6.000000014901161 ], 
            "faces": {
                "north": { "texture": "#0", "uv": [ 0.0, 0.0, 2.999999985098839, 1.0 ] },
                "east": { "texture": "#0", "uv": [ 0.0, 0.0, 0.4999999925494194, 1.0 ] },
                "south": { "texture": "#0", "uv": [ 0.0, 0.0, 2.999999985098839, 1.0 ] },
                "west": { "texture": "#0", "uv": [ 0.0, 0.0, 0.4999999925494194, 1.0 ] },
                "up": { "texture": "#0", "uv": [ 0.0, 0.0, 2.999999985098839, 0.4999999925494194 ] },
                "down": { "texture": "#0", "uv": [ 0.0, 0.0, 2.999999985098839, 0.4999999925494194 ] }
            }
        },
        {
            "name": "Base_O",
            "from": [ 5.500000007450581, 0.0, 6.500000007450581 ], 
            "to": [ 6.0, 1.0, 9.50000000745058 ], 
            "faces": {
                "north": { "texture": "#0", "uv": [ 0.0, 0.0, 0.4999999925494194, 1.0 ] },
                "east": { "texture": "#0", "uv": [ 0.0, 0.0, 3.0, 1.0 ] },
                "south": { "texture": "#0", "uv": [ 0.0, 0.0, 0.4999999925494194, 1.0 ] },
                "west": { "texture": "#0", "uv": [ 0.0, 0.0, 3.0, 1.0 ] },
                "up": { "texture": "#0", "uv": [ 0.0, 0.0, 0.4999999925494194, 3.0 ] },
                "down": { "texture": "#0", "uv": [ 0.0, 0.0, 0.4999999925494194, 3.0 ] }
            }
        },
        {
            "name": "Base_S",
            "from": [ 6.499999992549419, 0.0, 10.0 ], 
            "to": [ 9.49999999254942, 1.0, 10.49999999254942 ], 
            "faces": {
                "north": { "texture": "#0", "uv": [ 0.0, 0.0, 3.0, 1.0 ] },
                "east": { "texture": "#0", "uv": [ 0.0, 0.0, 0.4999999925494194, 1.0 ] },
                "south": { "texture": "#0", "uv": [ 0.0, 0.0, 3.0, 1.0 ] },
                "west": { "texture": "#0", "uv": [ 0.0, 0.0, 0.4999999925494194, 1.0 ] },
                "up": { "texture": "#0", "uv": [ 0.0, 0.0, 3.0, 0.4999999925494194 ] },
                "down": { "texture": "#0", "uv": [ 0.0, 0.0, 3.0, 0.4999999925494194 ] }
            }
        },
        {
            "name": "Base_E",
            "from": [ 10.0, 0.0, 6.500000007450581 ], 
            "to": [ 10.49999999254942, 1.0, 9.50000000745058 ], 
            "faces": {
                "north": { "texture": "#0", "uv": [ 0.0, 0.0, 0.4999999925494194, 1.0 ] },
                "east": { "texture": "#0", "uv": [ 0.0, 0.0, 3.0, 1.0 ] },
                "south": { "texture": "#0", "uv": [ 0.0, 0.0, 0.4999999925494194, 1.0 ] },
                "west": { "texture": "#0", "uv": [ 0.0, 0.0, 3.0, 1.0 ] },
                "up": { "texture": "#0", "uv": [ 0.0, 0.0, 0.4999999925494194, 3.0 ] },
                "down": { "texture": "#0", "uv": [ 0.0, 0.0, 0.4999999925494194, 3.0 ] }
            }
        },
        {
            "name": "Body_C",
            "from": [ 6.300000004470348, 1.0, 6.300000004470348 ], 
            "to": [ 9.700000010430813, 1.2999999895691872, 9.700000010430813 ], 
            "faces": {
                "north": { "texture": "#0", "uv": [ 0.0, 0.0, 3.4000000059604645, 0.29999998956918716 ] },
                "east": { "texture": "#0", "uv": [ 0.0, 0.0, 3.4000000059604645, 0.29999998956918716 ] },
                "south": { "texture": "#0", "uv": [ 0.0, 0.0, 3.4000000059604645, 0.29999998956918716 ] },
                "west": { "texture": "#0", "uv": [ 0.0, 0.0, 3.4000000059604645, 0.29999998956918716 ] },
                "up": { "texture": "#0", "uv": [ 0.0, 0.0, 3.4000000059604645, 3.4000000059604645 ] },
                "down": { "texture": "#0", "uv": [ 0.0, 0.0, 3.4000000059604645, 3.4000000059604645 ] }
            }
        },
        {
            "name": "Body_N",
            "from": [ 6.799999997019768, 1.0, 5.80000002682209 ], 
            "to": [ 9.199999988079071, 1.2999999895691872, 6.3000000193715096 ], 
            "faces": {
                "north": { "texture": "#0", "uv": [ 0.0, 0.0, 2.3999999910593033, 0.29999998956918716 ] },
                "east": { "texture": "#0", "uv": [ 0.0, 0.0, 0.4999999925494194, 0.29999998956918716 ] },
                "south": { "texture": "#0", "uv": [ 0.0, 0.0, 2.3999999910593033, 0.29999998956918716 ] },
                "west": { "texture": "#0", "uv": [ 0.0, 0.0, 0.4999999925494194, 0.29999998956918716 ] },
                "up": { "texture": "#0", "uv": [ 0.0, 0.0, 2.3999999910593033, 0.4999999925494194 ] },
                "down": { "texture": "#0", "uv": [ 0.0, 0.0, 2.3999999910593033, 0.4999999925494194 ] }
            }
        },
        {
            "name": "Body_O",
            "from": [ 5.800000011920929, 1.0, 6.799999997019768 ], 
            "to": [ 6.300000004470348, 1.2999999895691872, 9.200000002980232 ], 
            "faces": {
                "north": { "texture": "#0", "uv": [ 0.0, 0.0, 0.4999999925494194, 0.29999998956918716 ] },
                "east": { "texture": "#0", "uv": [ 0.0, 0.0, 2.4000000059604645, 0.29999998956918716 ] },
                "south": { "texture": "#0", "uv": [ 0.0, 0.0, 0.4999999925494194, 0.29999998956918716 ] },
                "west": { "texture": "#0", "uv": [ 0.0, 0.0, 2.4000000059604645, 0.29999998956918716 ] },
                "up": { "texture": "#0", "uv": [ 0.0, 0.0, 0.4999999925494194, 2.4000000059604645 ] },
                "down": { "texture": "#0", "uv": [ 0.0, 0.0, 0.4999999925494194, 2.4000000059604645 ] }
            }
        },
        {
            "name": "Body_S",
            "from": [ 6.799999997019768, 1.0, 9.700000025331974 ], 
            "to": [ 9.199999988079071, 1.2999999895691872, 10.200000017881393 ], 
            "faces": {
                "north": { "texture": "#0", "uv": [ 0.0, 0.0, 2.3999999910593033, 0.29999998956918716 ] },
                "east": { "texture": "#0", "uv": [ 0.0, 0.0, 0.4999999925494194, 0.29999998956918716 ] },
                "south": { "texture": "#0", "uv": [ 0.0, 0.0, 2.3999999910593033, 0.29999998956918716 ] },
                "west": { "texture": "#0", "uv": [ 0.0, 0.0, 0.4999999925494194, 0.29999998956918716 ] },
                "up": { "texture": "#0", "uv": [ 0.0, 0.0, 2.3999999910593033, 0.4999999925494194 ] },
                "down": { "texture": "#0", "uv": [ 0.0, 0.0, 2.3999999910593033, 0.4999999925494194 ] }
            }
        },
        {
            "name": "Body_E",
            "from": [ 9.700000010430813, 1.0, 6.799999997019768 ], 
            "to": [ 10.200000002980232, 1.2999999895691872, 9.200000002980232 ], 
            "faces": {
                "north": { "texture": "#0", "uv": [ 0.0, 0.0, 0.4999999925494194, 0.29999998956918716 ] },
                "east": { "texture": "#0", "uv": [ 0.0, 0.0, 2.4000000059604645, 0.29999998956918716 ] },
                "south": { "texture": "#0", "uv": [ 0.0, 0.0, 0.4999999925494194, 0.29999998956918716 ] },
                "west": { "texture": "#0", "uv": [ 0.0, 0.0, 2.4000000059604645, 0.29999998956918716 ] },
                "up": { "texture": "#0", "uv": [ 0.0, 0.0, 0.4999999925494194, 2.4000000059604645 ] },
                "down": { "texture": "#0", "uv": [ 0.0, 0.0, 0.4999999925494194, 2.4000000059604645 ] }
            }
        },
        {
            "name": "Body_C2",
            "from": [ 6.500000007450581, 1.2999999895691872, 6.500000007450581 ], 
            "to": [ 9.50000000745058, 7.299999989569187, 9.50000000745058 ], 
            "faces": {
                "north": { "texture": "#0", "uv": [ 0.0, 0.0, 3.0, 4.0 ] },
                "east": { "texture": "#0", "uv": [ 0.0, 0.0, 3.0, 4.0 ] },
                "south": { "texture": "#0", "uv": [ 0.0, 0.0, 3.0, 4.0 ] },
                "west": { "texture": "#0", "uv": [ 0.0, 0.0, 3.0, 4.0 ] },
                "up": { "texture": "#0", "uv": [ 0.0, 0.0, 3.0, 3.0 ] },
                "down": { "texture": "#0", "uv": [ 0.0, 0.0, 3.0, 3.0 ] }
            }
        },
        {
            "name": "Body_N2",
            "from": [ 7.0, 1.2999999895691872, 6.000000029802322 ], 
            "to": [ 8.999999985098839, 7.299999989569187, 6.500000022351742 ], 
            "faces": {
                "north": { "texture": "#0", "uv": [ 0.0, 0.0, 1.9999999850988388, 4.0 ] },
                "east": { "texture": "#0", "uv": [ 0.0, 0.0, 0.4999999925494194, 4.0 ] },
                "south": { "texture": "#0", "uv": [ 0.0, 0.0, 1.9999999850988388, 4.0 ] },
                "west": { "texture": "#0", "uv": [ 0.0, 0.0, 0.4999999925494194, 4.0 ] },
                "up": { "texture": "#0", "uv": [ 0.0, 0.0, 1.9999999850988388, 0.4999999925494194 ] },
                "down": { "texture": "#0", "uv": [ 0.0, 0.0, 1.9999999850988388, 0.4999999925494194 ] }
            }
        },
        {
            "name": "Body_O2",
            "from": [ 6.000000014901161, 1.2999999895691872, 7.0 ], 
            "to": [ 6.500000007450581, 7.299999989569187, 9.0 ], 
            "faces": {
                "north": { "texture": "#0", "uv": [ 0.0, 0.0, 0.4999999925494194, 4.0 ] },
                "east": { "texture": "#0", "uv": [ 0.0, 0.0, 2.0, 4.0 ] },
                "south": { "texture": "#0", "uv": [ 0.0, 0.0, 0.4999999925494194, 4.0 ] },
                "west": { "texture": "#0", "uv": [ 0.0, 0.0, 2.0, 4.0 ] },
                "up": { "texture": "#0", "uv": [ 0.0, 0.0, 0.4999999925494194, 2.0 ] },
                "down": { "texture": "#0", "uv": [ 0.0, 0.0, 0.4999999925494194, 2.0 ] }
            }
        },
        {
            "name": "Body_S2",
            "from": [ 7.0, 1.2999999895691872, 9.500000022351742 ], 
            "to": [ 8.999999985098839, 7.299999989569187, 10.000000014901161 ], 
            "faces": {
                "north": { "texture": "#0", "uv": [ 0.0, 0.0, 1.9999999850988388, 4.0 ] },
                "east": { "texture": "#0", "uv": [ 0.0, 0.0, 0.4999999925494194, 4.0 ] },
                "south": { "texture": "#0", "uv": [ 0.0, 0.0, 1.9999999850988388, 4.0 ] },
                "west": { "texture": "#0", "uv": [ 0.0, 0.0, 0.4999999925494194, 4.0 ] },
                "up": { "texture": "#0", "uv": [ 0.0, 0.0, 1.9999999850988388, 0.4999999925494194 ] },
                "down": { "texture": "#0", "uv": [ 0.0, 0.0, 1.9999999850988388, 0.4999999925494194 ] }
            }
        },
        {
            "name": "Body_E2",
            "from": [ 9.50000000745058, 1.2999999895691872, 7.0 ], 
            "to": [ 10.0, 7.299999989569187, 9.0 ], 
            "faces": {
                "north": { "texture": "#0", "uv": [ 0.0, 0.0, 0.4999999925494194, 4.0 ] },
                "east": { "texture": "#0", "uv": [ 0.0, 0.0, 2.0, 4.0 ] },
                "south": { "texture": "#0", "uv": [ 0.0, 0.0, 0.4999999925494194, 4.0 ] },
                "west": { "texture": "#0", "uv": [ 0.0, 0.0, 2.0, 4.0 ] },
                "up": { "texture": "#0", "uv": [ 0.0, 0.0, 0.4999999925494194, 2.0 ] },
                "down": { "texture": "#0", "uv": [ 0.0, 0.0, 0.4999999925494194, 2.0 ] }
            }
        },
        {
            "name": "Head_C",
            "from": [ 6.300000004470348, 7.299999989569187, 6.300000004470348 ], 
            "to": [ 9.700000010430813, 7.499999977648258, 9.700000010430813 ], 
            "faces": {
                "north": { "texture": "#0", "uv": [ 0.0, 0.0, 3.4000000059604645, 0.19999998807907104 ] },
                "east": { "texture": "#0", "uv": [ 0.0, 0.0, 3.4000000059604645, 0.19999998807907104 ] },
                "south": { "texture": "#0", "uv": [ 0.0, 0.0, 3.4000000059604645, 0.19999998807907104 ] },
                "west": { "texture": "#0", "uv": [ 0.0, 0.0, 3.4000000059604645, 0.19999998807907104 ] },
                "up": { "texture": "#0", "uv": [ 0.0, 0.0, 3.4000000059604645, 3.4000000059604645 ] },
                "down": { "texture": "#0", "uv": [ 0.0, 0.0, 3.4000000059604645, 3.4000000059604645 ] }
            }
        },
        {
            "name": "Head_N",
            "from": [ 6.799999997019768, 7.299999974668026, 5.80000002682209 ], 
            "to": [ 9.199999988079071, 7.499999962747097, 6.3000000193715096 ], 
            "faces": {
                "north": { "texture": "#0", "uv": [ 0.0, 0.0, 2.3999999910593033, 0.19999998807907104 ] },
                "east": { "texture": "#0", "uv": [ 0.0, 0.0, 0.4999999925494194, 0.19999998807907104 ] },
                "south": { "texture": "#0", "uv": [ 0.0, 0.0, 2.3999999910593033, 0.19999998807907104 ] },
                "west": { "texture": "#0", "uv": [ 0.0, 0.0, 0.4999999925494194, 0.19999998807907104 ] },
                "up": { "texture": "#0", "uv": [ 0.0, 0.0, 2.3999999910593033, 0.4999999925494194 ] },
                "down": { "texture": "#0", "uv": [ 0.0, 0.0, 2.3999999910593033, 0.4999999925494194 ] }
            }
        },
        {
            "name": "Head_O",
            "from": [ 5.800000011920929, 7.299999974668026, 6.799999997019768 ], 
            "to": [ 6.300000004470348, 7.499999962747097, 9.200000002980232 ], 
            "faces": {
                "north": { "texture": "#0", "uv": [ 0.0, 0.0, 0.4999999925494194, 0.19999998807907104 ] },
                "east": { "texture": "#0", "uv": [ 0.0, 0.0, 2.4000000059604645, 0.19999998807907104 ] },
                "south": { "texture": "#0", "uv": [ 0.0, 0.0, 0.4999999925494194, 0.19999998807907104 ] },
                "west": { "texture": "#0", "uv": [ 0.0, 0.0, 2.4000000059604645, 0.19999998807907104 ] },
                "up": { "texture": "#0", "uv": [ 0.0, 0.0, 0.4999999925494194, 2.4000000059604645 ] },
                "down": { "texture": "#0", "uv": [ 0.0, 0.0, 0.4999999925494194, 2.4000000059604645 ] }
            }
        },
        {
            "name": "Head_S",
            "from": [ 6.799999997019768, 7.299999974668026, 9.700000025331974 ], 
            "to": [ 9.199999988079071, 7.499999962747097, 10.200000017881393 ], 
            "faces": {
                "north": { "texture": "#0", "uv": [ 0.0, 0.0, 2.3999999910593033, 0.19999998807907104 ] },
                "east": { "texture": "#0", "uv": [ 0.0, 0.0, 0.4999999925494194, 0.19999998807907104 ] },
                "south": { "texture": "#0", "uv": [ 0.0, 0.0, 2.3999999910593033, 0.19999998807907104 ] },
                "west": { "texture": "#0", "uv": [ 0.0, 0.0, 0.4999999925494194, 0.19999998807907104 ] },
                "up": { "texture": "#0", "uv": [ 0.0, 0.0, 2.3999999910593033, 0.4999999925494194 ] },
                "down": { "texture": "#0", "uv": [ 0.0, 0.0, 2.3999999910593033, 0.4999999925494194 ] }
            }
        },
        {
            "name": "Head_E",
            "from": [ 9.700000010430813, 7.299999974668026, 6.799999997019768 ], 
            "to": [ 10.200000002980232, 7.499999962747097, 9.200000002980232 ], 
            "faces": {
                "north": { "texture": "#0", "uv": [ 0.0, 0.0, 0.4999999925494194, 0.19999998807907104 ] },
                "east": { "texture": "#0", "uv": [ 0.0, 0.0, 2.4000000059604645, 0.19999998807907104 ] },
                "south": { "texture": "#0", "uv": [ 0.0, 0.0, 0.4999999925494194, 0.19999998807907104 ] },
                "west": { "texture": "#0", "uv": [ 0.0, 0.0, 2.4000000059604645, 0.19999998807907104 ] },
                "up": { "texture": "#0", "uv": [ 0.0, 0.0, 0.4999999925494194, 2.4000000059604645 ] },
                "down": { "texture": "#0", "uv": [ 0.0, 0.0, 0.4999999925494194, 2.4000000059604645 ] }
            }
        },
        {
            "name": "Head_C2",
            "from": [ 5.899999998509884, 9.499999977648258, 5.899999998509884 ], 
            "to": [ 10.100000016391277, 10.099999971687794, 10.100000016391277 ], 
            "faces": {
                "north": { "texture": "#0", "uv": [ 0.0, 0.0, 4.200000017881393, 0.5999999940395355 ] },
                "east": { "texture": "#0", "uv": [ 0.0, 0.0, 4.200000017881393, 0.5999999940395355 ] },
                "south": { "texture": "#0", "uv": [ 0.0, 0.0, 4.200000017881393, 0.5999999940395355 ] },
                "west": { "texture": "#0", "uv": [ 0.0, 0.0, 4.200000017881393, 0.5999999940395355 ] },
                "up": { "texture": "#0", "uv": [ 0.0, 0.0, 4.200000017881393, 4.200000017881393 ] },
                "down": { "texture": "#0", "uv": [ 0.0, 0.0, 4.200000017881393, 4.200000017881393 ] }
            }
        },
        {
            "name": "Head_N2",
            "from": [ 6.5999999940395355, 9.499999962747097, 5.400000020861626 ], 
            "to": [ 9.399999991059303, 10.099999956786633, 5.900000013411045 ], 
            "faces": {
                "north": { "texture": "#0", "uv": [ 0.0, 0.0, 2.7999999970197678, 0.5999999940395355 ] },
                "east": { "texture": "#0", "uv": [ 0.0, 0.0, 0.4999999925494194, 0.5999999940395355 ] },
                "south": { "texture": "#0", "uv": [ 0.0, 0.0, 2.7999999970197678, 0.5999999940395355 ] },
                "west": { "texture": "#0", "uv": [ 0.0, 0.0, 0.4999999925494194, 0.5999999940395355 ] },
                "up": { "texture": "#0", "uv": [ 0.0, 0.0, 2.7999999970197678, 0.4999999925494194 ] },
                "down": { "texture": "#0", "uv": [ 0.0, 0.0, 2.7999999970197678, 0.4999999925494194 ] }
            }
        },
        {
            "name": "Head_O2",
            "from": [ 5.4000000059604645, 9.499999962747097, 6.5999999940395355 ], 
            "to": [ 5.899999998509884, 10.099999956786633, 9.400000005960464 ], 
            "faces": {
                "north": { "texture": "#0", "uv": [ 0.0, 0.0, 0.4999999925494194, 0.5999999940395355 ] },
                "east": { "texture": "#0", "uv": [ 0.0, 0.0, 2.800000011920929, 0.5999999940395355 ] },
                "south": { "texture": "#0", "uv": [ 0.0, 0.0, 0.4999999925494194, 0.5999999940395355 ] },
                "west": { "texture": "#0", "uv": [ 0.0, 0.0, 2.800000011920929, 0.5999999940395355 ] },
                "up": { "texture": "#0", "uv": [ 0.0, 0.0, 0.4999999925494194, 2.800000011920929 ] },
                "down": { "texture": "#0", "uv": [ 0.0, 0.0, 0.4999999925494194, 2.800000011920929 ] }
            }
        },
        {
            "name": "Head_S2",
            "from": [ 6.5999999940395355, 9.499999962747097, 10.100000031292439 ], 
            "to": [ 9.399999991059303, 10.099999956786633, 10.600000023841858 ], 
            "faces": {
                "north": { "texture": "#0", "uv": [ 0.0, 0.0, 2.7999999970197678, 0.5999999940395355 ] },
                "east": { "texture": "#0", "uv": [ 0.0, 0.0, 0.4999999925494194, 0.5999999940395355 ] },
                "south": { "texture": "#0", "uv": [ 0.0, 0.0, 2.7999999970197678, 0.5999999940395355 ] },
                "west": { "texture": "#0", "uv": [ 0.0, 0.0, 0.4999999925494194, 0.5999999940395355 ] },
                "up": { "texture": "#0", "uv": [ 0.0, 0.0, 2.7999999970197678, 0.4999999925494194 ] },
                "down": { "texture": "#0", "uv": [ 0.0, 0.0, 2.7999999970197678, 0.4999999925494194 ] }
            }
        },
        {
            "name": "Head_E2",
            "from": [ 10.100000016391277, 9.499999962747097, 6.5999999940395355 ], 
            "to": [ 10.600000008940697, 10.099999956786633, 9.400000005960464 ], 
            "faces": {
                "north": { "texture": "#0", "uv": [ 0.0, 0.0, 0.4999999925494194, 0.5999999940395355 ] },
                "east": { "texture": "#0", "uv": [ 0.0, 0.0, 2.800000011920929, 0.5999999940395355 ] },
                "south": { "texture": "#0", "uv": [ 0.0, 0.0, 0.4999999925494194, 0.5999999940395355 ] },
                "west": { "texture": "#0", "uv": [ 0.0, 0.0, 2.800000011920929, 0.5999999940395355 ] },
                "up": { "texture": "#0", "uv": [ 0.0, 0.0, 0.4999999925494194, 2.800000011920929 ] },
                "down": { "texture": "#0", "uv": [ 0.0, 0.0, 0.4999999925494194, 2.800000011920929 ] }
            }
        },
        {
            "name": "Head_C3",
            "from": [ 6.300000004470348, 10.099999986588955, 6.300000004470348 ], 
            "to": [ 9.700000010430813, 10.399999976158142, 9.700000010430813 ], 
            "faces": {
                "north": { "texture": "#0", "uv": [ 0.0, 0.0, 3.4000000059604645, 0.29999998956918716 ] },
                "east": { "texture": "#0", "uv": [ 0.0, 0.0, 3.4000000059604645, 0.29999998956918716 ] },
                "south": { "texture": "#0", "uv": [ 0.0, 0.0, 3.4000000059604645, 0.29999998956918716 ] },
                "west": { "texture": "#0", "uv": [ 0.0, 0.0, 3.4000000059604645, 0.29999998956918716 ] },
                "up": { "texture": "#0", "uv": [ 0.0, 0.0, 3.4000000059604645, 3.4000000059604645 ] },
                "down": { "texture": "#0", "uv": [ 0.0, 0.0, 3.4000000059604645, 3.4000000059604645 ] }
            }
        },
        {
            "name": "Head_N3",
            "from": [ 6.799999997019768, 10.099999971687794, 5.80000002682209 ], 
            "to": [ 9.199999988079071, 10.399999961256981, 6.3000000193715096 ], 
            "faces": {
                "north": { "texture": "#0", "uv": [ 0.0, 0.0, 2.3999999910593033, 0.29999998956918716 ] },
                "east": { "texture": "#0", "uv": [ 0.0, 0.0, 0.4999999925494194, 0.29999998956918716 ] },
                "south": { "texture": "#0", "uv": [ 0.0, 0.0, 2.3999999910593033, 0.29999998956918716 ] },
                "west": { "texture": "#0", "uv": [ 0.0, 0.0, 0.4999999925494194, 0.29999998956918716 ] },
                "up": { "texture": "#0", "uv": [ 0.0, 0.0, 2.3999999910593033, 0.4999999925494194 ] },
                "down": { "texture": "#0", "uv": [ 0.0, 0.0, 2.3999999910593033, 0.4999999925494194 ] }
            }
        },
        {
            "name": "Head_O3",
            "from": [ 5.800000011920929, 10.099999971687794, 6.799999997019768 ], 
            "to": [ 6.300000004470348, 10.399999961256981, 9.200000002980232 ], 
            "faces": {
                "north": { "texture": "#0", "uv": [ 0.0, 0.0, 0.4999999925494194, 0.29999998956918716 ] },
                "east": { "texture": "#0", "uv": [ 0.0, 0.0, 2.4000000059604645, 0.29999998956918716 ] },
                "south": { "texture": "#0", "uv": [ 0.0, 0.0, 0.4999999925494194, 0.29999998956918716 ] },
                "west": { "texture": "#0", "uv": [ 0.0, 0.0, 2.4000000059604645, 0.29999998956918716 ] },
                "up": { "texture": "#0", "uv": [ 0.0, 0.0, 0.4999999925494194, 2.4000000059604645 ] },
                "down": { "texture": "#0", "uv": [ 0.0, 0.0, 0.4999999925494194, 2.4000000059604645 ] }
            }
        },
        {
            "name": "Head_S3",
            "from": [ 6.799999997019768, 10.099999971687794, 9.700000025331974 ], 
            "to": [ 9.199999988079071, 10.399999961256981, 10.200000017881393 ], 
            "faces": {
                "north": { "texture": "#0", "uv": [ 0.0, 0.0, 2.3999999910593033, 0.29999998956918716 ] },
                "east": { "texture": "#0", "uv": [ 0.0, 0.0, 0.4999999925494194, 0.29999998956918716 ] },
                "south": { "texture": "#0", "uv": [ 0.0, 0.0, 2.3999999910593033, 0.29999998956918716 ] },
                "west": { "texture": "#0", "uv": [ 0.0, 0.0, 0.4999999925494194, 0.29999998956918716 ] },
                "up": { "texture": "#0", "uv": [ 0.0, 0.0, 2.3999999910593033, 0.4999999925494194 ] },
                "down": { "texture": "#0", "uv": [ 0.0, 0.0, 2.3999999910593033, 0.4999999925494194 ] }
            }
        },
        {
            "name": "Head_E3",
            "from": [ 9.700000010430813, 10.099999971687794, 6.799999997019768 ], 
            "to": [ 10.200000002980232, 10.399999961256981, 9.200000002980232 ], 
            "faces": {
                "north": { "texture": "#0", "uv": [ 0.0, 0.0, 0.4999999925494194, 0.29999998956918716 ] },
                "east": { "texture": "#0", "uv": [ 0.0, 0.0, 2.4000000059604645, 0.29999998956918716 ] },
                "south": { "texture": "#0", "uv": [ 0.0, 0.0, 0.4999999925494194, 0.29999998956918716 ] },
                "west": { "texture": "#0", "uv": [ 0.0, 0.0, 2.4000000059604645, 0.29999998956918716 ] },
                "up": { "texture": "#0", "uv": [ 0.0, 0.0, 0.4999999925494194, 2.4000000059604645 ] },
                "down": { "texture": "#0", "uv": [ 0.0, 0.0, 0.4999999925494194, 2.4000000059604645 ] }
            }
        },
        {
            "name": "Head_N3b",
            "from": [ 7.0, 10.099999986588955, 5.600000023841858 ], 
            "to": [ 8.999999985098839, 10.299999974668026, 5.800000011920929 ], 
            "faces": {
                "north": { "texture": "#0", "uv": [ 0.0, 0.0, 1.9999999850988388, 0.19999998807907104 ] },
                "east": { "texture": "#0", "uv": [ 0.0, 0.0, 0.19999998807907104, 0.19999998807907104 ] },
                "south": { "texture": "#0", "uv": [ 0.0, 0.0, 1.9999999850988388, 0.19999998807907104 ] },
                "west": { "texture": "#0", "uv": [ 0.0, 0.0, 0.19999998807907104, 0.19999998807907104 ] },
                "up": { "texture": "#0", "uv": [ 0.0, 0.0, 1.9999999850988388, 0.19999998807907104 ] },
                "down": { "texture": "#0", "uv": [ 0.0, 0.0, 1.9999999850988388, 0.19999998807907104 ] }
            }
        },
        {
            "name": "Head_O3b",
            "from": [ 5.600000008940697, 10.099999986588955, 7.0 ], 
            "to": [ 5.799999997019768, 10.299999974668026, 9.0 ], 
            "faces": {
                "north": { "texture": "#0", "uv": [ 0.0, 0.0, 0.19999998807907104, 0.19999998807907104 ] },
                "east": { "texture": "#0", "uv": [ 0.0, 0.0, 2.0, 0.19999998807907104 ] },
                "south": { "texture": "#0", "uv": [ 0.0, 0.0, 0.19999998807907104, 0.19999998807907104 ] },
                "west": { "texture": "#0", "uv": [ 0.0, 0.0, 2.0, 0.19999998807907104 ] },
                "up": { "texture": "#0", "uv": [ 0.0, 0.0, 0.19999998807907104, 2.0 ] },
                "down": { "texture": "#0", "uv": [ 0.0, 0.0, 0.19999998807907104, 2.0 ] }
            }
        },
        {
            "name": "Head_S3b",
            "from": [ 7.0, 10.099999986588955, 10.200000032782555 ], 
            "to": [ 8.999999985098839, 10.299999974668026, 10.400000020861626 ], 
            "faces": {
                "north": { "texture": "#0", "uv": [ 0.0, 0.0, 1.9999999850988388, 0.19999998807907104 ] },
                "east": { "texture": "#0", "uv": [ 0.0, 0.0, 0.19999998807907104, 0.19999998807907104 ] },
                "south": { "texture": "#0", "uv": [ 0.0, 0.0, 1.9999999850988388, 0.19999998807907104 ] },
                "west": { "texture": "#0", "uv": [ 0.0, 0.0, 0.19999998807907104, 0.19999998807907104 ] },
                "up": { "texture": "#0", "uv": [ 0.0, 0.0, 1.9999999850988388, 0.19999998807907104 ] },
                "down": { "texture": "#0", "uv": [ 0.0, 0.0, 1.9999999850988388, 0.19999998807907104 ] }
            }
        },
        {
            "name": "Head_E3b",
            "from": [ 10.200000017881393, 10.099999986588955, 7.0 ], 
            "to": [ 10.400000005960464, 10.299999974668026, 9.0 ], 
            "faces": {
                "north": { "texture": "#0", "uv": [ 0.0, 0.0, 0.19999998807907104, 0.19999998807907104 ] },
                "east": { "texture": "#0", "uv": [ 0.0, 0.0, 2.0, 0.19999998807907104 ] },
                "south": { "texture": "#0", "uv": [ 0.0, 0.0, 0.19999998807907104, 0.19999998807907104 ] },
                "west": { "texture": "#0", "uv": [ 0.0, 0.0, 2.0, 0.19999998807907104 ] },
                "up": { "texture": "#0", "uv": [ 0.0, 0.0, 0.19999998807907104, 2.0 ] },
                "down": { "texture": "#0", "uv": [ 0.0, 0.0, 0.19999998807907104, 2.0 ] }
            }
        },
        {
            "name": "Head_C4",
            "from": [ 6.500000007450581, 10.399999976158142, 6.500000007450581 ], 
            "to": [ 9.50000000745058, 10.599999964237213, 9.50000000745058 ], 
            "faces": {
                "north": { "texture": "#0", "uv": [ 0.0, 0.0, 3.0, 0.19999998807907104 ] },
                "east": { "texture": "#0", "uv": [ 0.0, 0.0, 3.0, 0.19999998807907104 ] },
                "south": { "texture": "#0", "uv": [ 0.0, 0.0, 3.0, 0.19999998807907104 ] },
                "west": { "texture": "#0", "uv": [ 0.0, 0.0, 3.0, 0.19999998807907104 ] },
                "up": { "texture": "#0", "uv": [ 0.0, 0.0, 3.0, 3.0 ] },
                "down": { "texture": "#0", "uv": [ 0.0, 0.0, 3.0, 3.0 ] }
            }
        },
        {
            "name": "Head_N4",
            "from": [ 7.100000001490116, 10.399999961256981, 6.1000000312924385 ], 
            "to": [ 8.899999983608723, 10.599999949336052, 6.600000023841858 ], 
            "faces": {
                "north": { "texture": "#0", "uv": [ 0.0, 0.0, 1.7999999821186066, 0.19999998807907104 ] },
                "east": { "texture": "#0", "uv": [ 0.0, 0.0, 0.4999999925494194, 0.19999998807907104 ] },
                "south": { "texture": "#0", "uv": [ 0.0, 0.0, 1.7999999821186066, 0.19999998807907104 ] },
                "west": { "texture": "#0", "uv": [ 0.0, 0.0, 0.4999999925494194, 0.19999998807907104 ] },
                "up": { "texture": "#0", "uv": [ 0.0, 0.0, 1.7999999821186066, 0.4999999925494194 ] },
                "down": { "texture": "#0", "uv": [ 0.0, 0.0, 1.7999999821186066, 0.4999999925494194 ] }
            }
        },
        {
            "name": "Head_O4",
            "from": [ 6.000000014901161, 10.399999961256981, 7.100000001490116 ], 
            "to": [ 6.500000007450581, 10.599999949336052, 8.899999998509884 ], 
            "faces": {
                "north": { "texture": "#0", "uv": [ 0.0, 0.0, 0.4999999925494194, 0.19999998807907104 ] },
                "east": { "texture": "#0", "uv": [ 0.0, 0.0, 1.7999999970197678, 0.19999998807907104 ] },
                "south": { "texture": "#0", "uv": [ 0.0, 0.0, 0.4999999925494194, 0.19999998807907104 ] },
                "west": { "texture": "#0", "uv": [ 0.0, 0.0, 1.7999999970197678, 0.19999998807907104 ] },
                "up": { "texture": "#0", "uv": [ 0.0, 0.0, 0.4999999925494194, 1.7999999970197678 ] },
                "down": { "texture": "#0", "uv": [ 0.0, 0.0, 0.4999999925494194, 1.7999999970197678 ] }
            }
        },
        {
            "name": "Head_S4",
            "from": [ 7.100000001490116, 10.399999961256981, 9.500000022351742 ], 
            "to": [ 8.899999983608723, 10.599999949336052, 10.000000014901161 ], 
            "faces": {
                "north": { "texture": "#0", "uv": [ 0.0, 0.0, 1.7999999821186066, 0.19999998807907104 ] },
                "east": { "texture": "#0", "uv": [ 0.0, 0.0, 0.4999999925494194, 0.19999998807907104 ] },
                "south": { "texture": "#0", "uv": [ 0.0, 0.0, 1.7999999821186066, 0.19999998807907104 ] },
                "west": { "texture": "#0", "uv": [ 0.0, 0.0, 0.4999999925494194, 0.19999998807907104 ] },
                "up": { "texture": "#0", "uv": [ 0.0, 0.0, 1.7999999821186066, 0.4999999925494194 ] },
                "down": { "texture": "#0", "uv": [ 0.0, 0.0, 1.7999999821186066, 0.4999999925494194 ] }
            }
        },
        {
            "name": "Head_E4",
            "from": [ 9.50000000745058, 10.399999961256981, 7.100000001490116 ], 
            "to": [ 10.0, 10.599999949336052, 8.899999998509884 ], 
            "faces": {
                "north": { "texture": "#0", "uv": [ 0.0, 0.0, 0.4999999925494194, 0.19999998807907104 ] },
                "east": { "texture": "#0", "uv": [ 0.0, 0.0, 1.7999999970197678, 0.19999998807907104 ] },
                "south": { "texture": "#0", "uv": [ 0.0, 0.0, 0.4999999925494194, 0.19999998807907104 ] },
                "west": { "texture": "#0", "uv": [ 0.0, 0.0, 1.7999999970197678, 0.19999998807907104 ] },
                "up": { "texture": "#0", "uv": [ 0.0, 0.0, 0.4999999925494194, 1.7999999970197678 ] },
                "down": { "texture": "#0", "uv": [ 0.0, 0.0, 0.4999999925494194, 1.7999999970197678 ] }
            }
        },
        {
            "name": "Head_C5",
            "from": [ 7.000000014901161, 10.599999964237213, 7.000000014901161 ], 
            "to": [ 9.000000014901161, 10.699999950826168, 9.000000014901161 ], 
            "faces": {
                "north": { "texture": "#0", "uv": [ 0.0, 0.0, 2.0, 0.09999998658895493 ] },
                "east": { "texture": "#0", "uv": [ 0.0, 0.0, 2.0, 0.09999998658895493 ] },
                "south": { "texture": "#0", "uv": [ 0.0, 0.0, 2.0, 0.09999998658895493 ] },
                "west": { "texture": "#0", "uv": [ 0.0, 0.0, 2.0, 0.09999998658895493 ] },
                "up": { "texture": "#0", "uv": [ 0.0, 0.0, 2.0, 2.0 ] },
                "down": { "texture": "#0", "uv": [ 0.0, 0.0, 2.0, 2.0 ] }
            }
        },
        {
            "name": "Head_N5",
            "from": [ 7.300000004470348, 10.599999949336052, 6.800000041723251 ], 
            "to": [ 8.69999998062849, 10.699999935925007, 7.000000029802322 ], 
            "faces": {
                "north": { "texture": "#0", "uv": [ 0.0, 0.0, 1.399999976158142, 0.09999998658895493 ] },
                "east": { "texture": "#0", "uv": [ 0.0, 0.0, 0.19999998807907104, 0.09999998658895493 ] },
                "south": { "texture": "#0", "uv": [ 0.0, 0.0, 1.399999976158142, 0.09999998658895493 ] },
                "west": { "texture": "#0", "uv": [ 0.0, 0.0, 0.19999998807907104, 0.09999998658895493 ] },
                "up": { "texture": "#0", "uv": [ 0.0, 0.0, 1.399999976158142, 0.899999988079071 ] },
                "down": { "texture": "#0", "uv": [ 0.0, 0.0, 1.399999976158142, 0.19999998807907104 ] }
            }
        },
        {
            "name": "Head_O5",
            "from": [ 6.80000002682209, 10.599999949336052, 7.300000004470348 ], 
            "to": [ 7.000000014901161, 10.699999935925007, 8.699999995529652 ], 
            "faces": {
                "north": { "texture": "#0", "uv": [ 0.0, 0.0, 0.19999998807907104, 0.09999998658895493 ] },
                "east": { "texture": "#0", "uv": [ 0.0, 0.0, 1.3999999910593033, 0.09999998658895493 ] },
                "south": { "texture": "#0", "uv": [ 0.0, 0.0, 0.19999998807907104, 0.09999998658895493 ] },
                "west": { "texture": "#0", "uv": [ 0.0, 0.0, 1.3999999910593033, 0.09999998658895493 ] },
                "up": { "texture": "#0", "uv": [ 0.0, 0.0, 1.199999988079071, 4.399999991059303 ] },
                "down": { "texture": "#0", "uv": [ 0.0, 0.0, 0.19999998807907104, 1.3999999910593033 ] }
            }
        },
        {
            "name": "Head_S5",
            "from": [ 7.300000004470348, 10.599999949336052, 9.000000014901161 ], 
            "to": [ 8.69999998062849, 10.699999935925007, 9.200000002980232 ], 
            "faces": {
                "north": { "texture": "#0", "uv": [ 0.0, 0.0, 1.399999976158142, 0.09999998658895493 ] },
                "east": { "texture": "#0", "uv": [ 0.0, 0.0, 0.19999998807907104, 0.09999998658895493 ] },
                "south": { "texture": "#0", "uv": [ 0.0, 0.0, 1.399999976158142, 0.09999998658895493 ] },
                "west": { "texture": "#0", "uv": [ 0.0, 0.0, 0.19999998807907104, 0.09999998658895493 ] },
                "up": { "texture": "#0", "uv": [ 0.0, 0.0, 1.399999976158142, 0.19999998807907104 ] },
                "down": { "texture": "#0", "uv": [ 0.0, 0.0, 1.399999976158142, 0.19999998807907104 ] }
            }
        },
        {
            "name": "Head_E5",
            "from": [ 9.0, 10.599999949336052, 7.300000004470348 ], 
            "to": [ 9.199999988079071, 10.699999935925007, 8.699999995529652 ], 
            "faces": {
                "north": { "texture": "#0", "uv": [ 0.0, 0.0, 0.19999998807907104, 0.09999998658895493 ] },
                "east": { "texture": "#0", "uv": [ 0.0, 0.0, 1.3999999910593033, 0.09999998658895493 ] },
                "south": { "texture": "#0", "uv": [ 0.0, 0.0, 0.19999998807907104, 0.09999998658895493 ] },
                "west": { "texture": "#0", "uv": [ 0.0, 0.0, 1.3999999910593033, 0.09999998658895493 ] },
                "up": { "texture": "#0", "uv": [ 0.0, 0.0, 0.19999998807907104, 1.3999999910593033 ] },
                "down": { "texture": "#0", "uv": [ 0.0, 0.0, 0.19999998807907104, 1.3999999910593033 ] }
            }
        },
        {
            "name": "Head_C6",
            "from": [ 5.899999998509884, 7.499999977648258, 5.899999998509884 ], 
            "to": [ 10.100000016391277, 8.099999971687794, 10.100000016391277 ], 
            "faces": {
                "north": { "texture": "#0", "uv": [ 0.0, 0.0, 4.200000017881393, 0.5999999940395355 ] },
                "east": { "texture": "#0", "uv": [ 0.0, 0.0, 4.200000017881393, 0.5999999940395355 ] },
                "south": { "texture": "#0", "uv": [ 0.0, 0.0, 4.200000017881393, 0.5999999940395355 ] },
                "west": { "texture": "#0", "uv": [ 0.0, 0.0, 4.200000017881393, 0.5999999940395355 ] },
                "up": { "texture": "#0", "uv": [ 0.0, 0.0, 4.200000017881393, 4.200000017881393 ] },
                "down": { "texture": "#0", "uv": [ 0.0, 0.0, 4.200000017881393, 4.200000017881393 ] }
            }
        },
        {
            "name": "Head_N6",
            "from": [ 6.5999999940395355, 7.499999962747097, 5.400000020861626 ], 
            "to": [ 9.399999991059303, 8.099999956786633, 5.900000013411045 ], 
            "faces": {
                "north": { "texture": "#0", "uv": [ 0.0, 0.0, 2.7999999970197678, 0.5999999940395355 ] },
                "east": { "texture": "#0", "uv": [ 0.0, 0.0, 0.4999999925494194, 0.5999999940395355 ] },
                "south": { "texture": "#0", "uv": [ 0.0, 0.0, 2.7999999970197678, 0.5999999940395355 ] },
                "west": { "texture": "#0", "uv": [ 0.0, 0.0, 0.4999999925494194, 0.5999999940395355 ] },
                "up": { "texture": "#0", "uv": [ 0.0, 0.0, 2.7999999970197678, 0.4999999925494194 ] },
                "down": { "texture": "#0", "uv": [ 0.0, 0.0, 2.7999999970197678, 0.4999999925494194 ] }
            }
        },
        {
            "name": "Head_O6",
            "from": [ 5.4000000059604645, 7.499999962747097, 6.5999999940395355 ], 
            "to": [ 5.899999998509884, 8.099999956786633, 9.400000005960464 ], 
            "faces": {
                "north": { "texture": "#0", "uv": [ 0.0, 0.0, 0.4999999925494194, 0.5999999940395355 ] },
                "east": { "texture": "#0", "uv": [ 0.0, 0.0, 2.800000011920929, 0.5999999940395355 ] },
                "south": { "texture": "#0", "uv": [ 0.0, 0.0, 0.4999999925494194, 0.5999999940395355 ] },
                "west": { "texture": "#0", "uv": [ 0.0, 0.0, 2.800000011920929, 0.5999999940395355 ] },
                "up": { "texture": "#0", "uv": [ 0.0, 0.0, 0.4999999925494194, 2.800000011920929 ] },
                "down": { "texture": "#0", "uv": [ 0.0, 0.0, 0.4999999925494194, 2.800000011920929 ] }
            }
        },
        {
            "name": "Head_S6",
            "from": [ 6.5999999940395355, 7.499999962747097, 10.100000031292439 ], 
            "to": [ 9.399999991059303, 8.099999956786633, 10.600000023841858 ], 
            "faces": {
                "north": { "texture": "#0", "uv": [ 0.0, 0.0, 2.7999999970197678, 0.5999999940395355 ] },
                "east": { "texture": "#0", "uv": [ 0.0, 0.0, 0.4999999925494194, 0.5999999940395355 ] },
                "south": { "texture": "#0", "uv": [ 0.0, 0.0, 2.7999999970197678, 0.5999999940395355 ] },
                "west": { "texture": "#0", "uv": [ 0.0, 0.0, 0.4999999925494194, 0.5999999940395355 ] },
                "up": { "texture": "#0", "uv": [ 0.0, 0.0, 2.7999999970197678, 0.4999999925494194 ] },
                "down": { "texture": "#0", "uv": [ 0.0, 0.0, 2.7999999970197678, 0.4999999925494194 ] }
            }
        },
        {
            "name": "Head_E6",
            "from": [ 10.100000016391277, 7.499999962747097, 6.5999999940395355 ], 
            "to": [ 10.600000008940697, 8.099999956786633, 9.400000005960464 ], 
            "faces": {
                "north": { "texture": "#0", "uv": [ 0.0, 0.0, 0.4999999925494194, 0.5999999940395355 ] },
                "east": { "texture": "#0", "uv": [ 0.0, 0.0, 2.800000011920929, 0.5999999940395355 ] },
                "south": { "texture": "#0", "uv": [ 0.0, 0.0, 0.4999999925494194, 0.5999999940395355 ] },
                "west": { "texture": "#0", "uv": [ 0.0, 0.0, 2.800000011920929, 0.5999999940395355 ] },
                "up": { "texture": "#0", "uv": [ 0.0, 0.0, 0.4999999925494194, 2.800000011920929 ] },
                "down": { "texture": "#0", "uv": [ 0.0, 0.0, 0.4999999925494194, 2.800000011920929 ] }
            }
        },
        {
            "name": "Head_C7",
            "from": [ 5.499999992549419, 8.099999971687794, 5.499999992549419 ], 
            "to": [ 10.600000023841858, 9.499999962747097, 10.600000023841858 ], 
            "faces": {
                "north": { "texture": "#0", "uv": [ 0.0, 0.0, 4.800000017881391, 1.3999999940395358 ] },
                "east": { "texture": "#0", "uv": [ 0.0, 0.0, 4.600000017881392, 1.599999994039536 ] },
                "south": { "texture": "#0", "uv": [ 0.0, 0.0, 4.400000017881393, 1.599999994039536 ] },
                "west": { "texture": "#0", "uv": [ 0.0, 0.0, 4.200000017881393, 1.599999994039536 ] },
                "up": { "texture": "#0", "uv": [ 0.0, 0.0, 4.200000017881393, 4.200000017881393 ] },
                "down": { "texture": "#0", "uv": [ 0.0, 0.0, 4.200000017881393, 4.200000017881393 ] }
            }
        },
        {
            "name": "Head_N7",
            "from": [ 6.199999988079071, 8.099999956786633, 5.000000014901161 ], 
            "to": [ 9.799999997019768, 8.699999950826168, 5.500000007450581 ], 
            "faces": {
                "north": { "texture": "#0", "uv": [ 0.0, 0.0, 2.7999999970197678, 0.5999999940395355 ] },
                "east": { "texture": "#0", "uv": [ 0.0, 0.0, 0.4999999925494194, 0.5999999940395355 ] },
                "south": { "texture": "#0", "uv": [ 0.0, 0.0, 2.7999999970197678, 0.5999999940395355 ] },
                "west": { "texture": "#0", "uv": [ 0.0, 0.0, 0.4999999925494194, 0.5999999940395355 ] },
                "up": { "texture": "#0", "uv": [ 0.0, 0.0, 2.7999999970197678, 0.4999999925494194 ] },
                "down": { "texture": "#0", "uv": [ 0.0, 0.0, 2.7999999970197678, 0.4999999925494194 ] }
            }
        },
        {
            "name": "Head_O7",
            "from": [ 4.899999998509884, 8.099999971687794, 6.199999988079071 ], 
            "to": [ 5.399999991059303, 8.69999996572733, 9.800000011920929 ], 
            "faces": {
                "north": { "texture": "#0", "uv": [ 0.0, 0.0, 0.4999999925494194, 0.5999999940395355 ] },
                "east": { "texture": "#0", "uv": [ 0.0, 0.0, 2.800000011920929, 0.5999999940395355 ] },
                "south": { "texture": "#0", "uv": [ 0.0, 0.0, 0.4999999925494194, 0.5999999940395355 ] },
                "west": { "texture": "#0", "uv": [ 0.0, 0.0, 2.800000011920929, 0.5999999940395355 ] },
                "up": { "texture": "#0", "uv": [ 0.0, 0.0, 0.4999999925494194, 2.800000011920929 ] },
                "down": { "texture": "#0", "uv": [ 0.0, 0.0, 0.4999999925494194, 2.800000011920929 ] }
            }
        },
        {
            "name": "Head_S7",
            "from": [ 6.199999988079071, 8.099999971687794, 10.600000038743019 ], 
            "to": [ 9.799999997019768, 8.69999996572733, 11.100000031292439 ], 
            "faces": {
                "north": { "texture": "#0", "uv": [ 0.0, 0.0, 2.7999999970197678, 0.5999999940395355 ] },
                "east": { "texture": "#0", "uv": [ 0.0, 0.0, 0.4999999925494194, 0.5999999940395355 ] },
                "south": { "texture": "#0", "uv": [ 0.0, 0.0, 2.7999999970197678, 0.5999999940395355 ] },
                "west": { "texture": "#0", "uv": [ 0.0, 0.0, 0.4999999925494194, 0.5999999940395355 ] },
                "up": { "texture": "#0", "uv": [ 0.0, 0.0, 2.7999999970197678, 0.4999999925494194 ] },
                "down": { "texture": "#0", "uv": [ 0.0, 0.0, 2.7999999970197678, 0.4999999925494194 ] }
            }
        },
        {
            "name": "Head_E7",
            "from": [ 10.600000023841858, 8.099999971687794, 6.199999988079071 ], 
            "to": [ 11.100000016391277, 8.69999996572733, 9.800000011920929 ], 
            "faces": {
                "north": { "texture": "#0", "uv": [ 0.0, 0.0, 0.4999999925494194, 0.5999999940395355 ] },
                "east": { "texture": "#0", "uv": [ 0.0, 0.0, 2.800000011920929, 0.5999999940395355 ] },
                "south": { "texture": "#0", "uv": [ 0.0, 0.0, 0.4999999925494194, 0.5999999940395355 ] },
                "west": { "texture": "#0", "uv": [ 0.0, 0.0, 2.800000011920929, 0.5999999940395355 ] },
                "up": { "texture": "#0", "uv": [ 0.0, 0.0, 0.4999999925494194, 2.800000011920929 ] },
                "down": { "texture": "#0", "uv": [ 0.0, 0.0, 0.4999999925494194, 2.800000011920929 ] }
            }
        }
    ]
}