{
    "textures": {
        "0": "block/3d/metal_stripes",
        "1": "block/3d/metal_circles",
        "2": "block/anvil_base",
        "3": "block/coal_block"
    },
    "elements": [
        {
            "name": "seat_C",
            "from": [ 4.0, 10.0, 4.0 ], 
            "to": [ 12.0, 11.0, 12.0 ], 
            "faces": {
                "north": { "texture": "#0", "uv": [ 3.0, 14.0, 13.0, 16.0 ] },
                "east": { "texture": "#0", "uv": [ 4.0, 14.0, 12.0, 16.0 ] },
                "south": { "texture": "#0", "uv": [ 2.0, 14.0, 14.0, 16.0 ] },
                "west": { "texture": "#0", "uv": [ 4.0, 14.0, 10.0, 16.0 ] },
                "up": { "texture": "#1", "uv": [ 1.0, 1.0, 9.0, 9.0 ] },
                "down": { "texture": "#2", "uv": [ 0.0, 0.0, 8.0, 8.0 ] }
            }
        },
        {
            "name": "seat_N",
            "from": [ 5.0, 10.0, 3.0 ], 
            "to": [ 11.0, 11.0, 4.0 ], 
            "faces": {
                "north": { "texture": "#0", "uv": [ 3.0, 14.0, 13.0, 16.0 ] },
                "east": { "texture": "#0", "uv": [ 0.0, 14.0, 1.0, 16.0 ] },
                "south": { "texture": "#1", "uv": [ 0.0, 0.0, 6.0, 1.0 ] },
                "west": { "texture": "#0", "uv": [ 0.0, 14.0, 14.0, 16.0 ] },
                "up": { "texture": "#1", "uv": [ 0.0, 0.0, 6.0, 1.0 ] },
                "down": { "texture": "#2", "uv": [ 0.0, 0.0, 6.0, 1.0 ] }
            }
        },
        {
            "name": "seat_O",
            "from": [ 3.0, 10.0, 5.0 ], 
            "to": [ 4.0, 11.0, 11.0 ], 
            "faces": {
                "north": { "texture": "#0", "uv": [ 3.0, 14.0, 9.0, 16.0 ] },
                "east": { "texture": "#0", "uv": [ 0.0, 0.0, 6.0, 1.0 ] },
                "south": { "texture": "#0", "uv": [ 0.0, 14.0, 1.0, 16.0 ] },
                "west": { "texture": "#0", "uv": [ 0.0, 14.0, 14.0, 16.0 ] },
                "up": { "texture": "#1", "uv": [ 0.0, 0.0, 1.0, 6.0 ] },
                "down": { "texture": "#2", "uv": [ 0.0, 0.0, 1.0, 6.0 ] }
            }
        },
        {
            "name": "seat_S",
            "from": [ 5.0, 10.0, 12.0 ], 
            "to": [ 11.0, 11.0, 13.0 ], 
            "faces": {
                "north": { "texture": "#1", "uv": [ 0.0, 0.0, 6.0, 1.0 ] },
                "east": { "texture": "#0", "uv": [ 13.0, 14.0, 14.0, 16.0 ] },
                "south": { "texture": "#0", "uv": [ 4.0, 14.0, 12.0, 16.0 ] },
                "west": { "texture": "#0", "uv": [ 3.0, 14.0, 4.0, 16.0 ] },
                "up": { "texture": "#1", "uv": [ 0.0, 0.0, 6.0, 1.0 ] },
                "down": { "texture": "#2", "uv": [ 0.0, 0.0, 6.0, 1.0 ] }
            }
        },
        {
            "name": "seat_E",
            "from": [ 12.0, 10.0, 5.0 ], 
            "to": [ 13.0, 11.0, 11.0 ], 
            "faces": {
                "north": { "texture": "#0", "uv": [ 4.0, 14.0, 13.0, 16.0 ] },
                "east": { "texture": "#0", "uv": [ 4.0, 14.0, 10.0, 16.0 ] },
                "south": { "texture": "#0", "uv": [ 4.0, 14.0, 13.0, 16.0 ] },
                "west": { "texture": "#1", "uv": [ 0.0, 0.0, 6.0, 1.0 ] },
                "up": { "texture": "#1", "uv": [ 0.0, 0.0, 1.0, 6.0 ] },
                "down": { "texture": "#2", "uv": [ 0.0, 0.0, 1.0, 6.0 ] }
            }
        },
        {
            "name": "Foot_NO",
            "from": [ 4.0, 1.0, 4.0 ], 
            "to": [ 5.0, 10.0, 5.0 ], 
            "faces": {
                "north": { "texture": "#0", "uv": [ 0.0, 10.0, 16.0, 16.0 ], "rotation": 90 },
                "east": { "texture": "#0", "uv": [ 0.0, 10.0, 16.0, 16.0 ], "rotation": 90 },
                "south": { "texture": "#0", "uv": [ 0.0, 10.0, 16.0, 16.0 ], "rotation": 90 },
                "west": { "texture": "#0", "uv": [ 0.0, 10.0, 16.0, 16.0 ], "rotation": 90 },
                "up": { "texture": "#0", "uv": [ 0.0, 0.0, 1.0, 1.0 ] },
                "down": { "texture": "#0", "uv": [ 0.0, 0.0, 1.0, 1.0 ] }
            }
        },
        {
            "name": "Foot_NE",
            "from": [ 11.0, 1.0, 4.0 ], 
            "to": [ 12.0, 10.0, 5.0 ], 
            "faces": {
                "north": { "texture": "#0", "uv": [ 0.0, 10.0, 16.0, 16.0 ], "rotation": 90 },
                "east": { "texture": "#0", "uv": [ 0.0, 10.0, 16.0, 16.0 ], "rotation": 90 },
                "south": { "texture": "#0", "uv": [ 0.0, 10.0, 16.0, 16.0 ], "rotation": 90 },
                "west": { "texture": "#0", "uv": [ 0.0, 10.0, 16.0, 16.0 ], "rotation": 90 },
                "up": { "texture": "#0", "uv": [ 0.0, 0.0, 1.0, 1.0 ] },
                "down": { "texture": "#0", "uv": [ 0.0, 0.0, 1.0, 1.0 ] }
            }
        },
        {
            "name": "Foot_SE",
            "from": [ 11.0, 1.0, 11.0 ], 
            "to": [ 12.0, 10.0, 12.0 ], 
            "faces": {
                "north": { "texture": "#0", "uv": [ 0.0, 10.0, 16.0, 16.0 ], "rotation": 90 },
                "east": { "texture": "#0", "uv": [ 0.0, 10.0, 16.0, 16.0 ], "rotation": 90 },
                "south": { "texture": "#0", "uv": [ 0.0, 10.0, 16.0, 16.0 ], "rotation": 90 },
                "west": { "texture": "#0", "uv": [ 0.0, 10.0, 16.0, 16.0 ], "rotation": 90 },
                "up": { "texture": "#0", "uv": [ 0.0, 0.0, 1.0, 1.0 ] },
                "down": { "texture": "#0", "uv": [ 0.0, 0.0, 1.0, 1.0 ] }
            }
        },
        {
            "name": "Foot_SO",
            "from": [ 4.0, 1.0, 11.0 ], 
            "to": [ 5.0, 10.0, 12.0 ], 
            "faces": {
                "north": { "texture": "#0", "uv": [ 0.0, 10.0, 16.0, 16.0 ], "rotation": 90 },
                "east": { "texture": "#0", "uv": [ 0.0, 10.0, 16.0, 16.0 ], "rotation": 90 },
                "south": { "texture": "#0", "uv": [ 0.0, 10.0, 16.0, 16.0 ], "rotation": 90 },
                "west": { "texture": "#0", "uv": [ 0.0, 10.0, 16.0, 16.0 ], "rotation": 90 },
                "up": { "texture": "#0", "uv": [ 0.0, 0.0, 1.0, 1.0 ] },
                "down": { "texture": "#0", "uv": [ 0.0, 0.0, 1.0, 1.0 ] }
            }
        },
        {
            "name": "bar_N",
            "from": [ 5.0, 4.0, 4.4000000059604645 ], 
            "to": [ 11.0, 5.0, 4.5999999940395355 ], 
            "faces": {
                "north": { "texture": "#0", "uv": [ 0.0, 9.0, 16.0, 16.0 ] },
                "east": { "texture": "#1", "uv": [ 0.0, 0.0, 0.19999998807907104, 1.0 ] },
                "south": { "texture": "#0", "uv": [ 0.0, 9.0, 6.0, 16.0 ] },
                "west": { "texture": "#1", "uv": [ 0.0, 0.0, 0.19999998807907104, 1.0 ] },
                "up": { "texture": "#0", "uv": [ 1.0, 9.0, 15.0, 11.999999988079072 ] },
                "down": { "texture": "#0", "uv": [ 1.0, 9.0, 15.0, 11.999999988079072 ] }
            }
        },
        {
            "name": "bar_S",
            "from": [ 5.0, 4.0, 11.400000005960464 ], 
            "to": [ 11.0, 5.0, 11.599999994039536 ], 
            "faces": {
                "north": { "texture": "#0", "uv": [ 0.0, 9.0, 16.0, 16.0 ] },
                "east": { "texture": "#1", "uv": [ 0.0, 0.0, 0.19999998807907104, 1.0 ] },
                "south": { "texture": "#0", "uv": [ 0.0, 9.0, 6.0, 16.0 ] },
                "west": { "texture": "#1", "uv": [ 0.0, 0.0, 0.19999998807907104, 1.0 ] },
                "up": { "texture": "#0", "uv": [ 1.0, 9.0, 15.0, 11.999999988079072 ] },
                "down": { "texture": "#0", "uv": [ 1.0, 9.0, 15.0, 11.999999988079072 ] }
            }
        },
        {
            "name": "bar_O",
            "from": [ 4.4000000059604645, 4.0, 5.0 ], 
            "to": [ 4.600000005960465, 5.0, 10.999999985098839 ], 
            "faces": {
                "north": { "texture": "#0", "uv": [ 0.0, 9.0, 16.0, 16.0 ] },
                "east": { "texture": "#0", "uv": [ 0.0, 10.0, 15.999999985098839, 16.0 ] },
                "south": { "texture": "#0", "uv": [ 0.0, 9.0, 6.0, 16.0 ] },
                "west": { "texture": "#0", "uv": [ 0.0, 9.0, 5.999999985098839, 16.0 ] },
                "up": { "texture": "#0", "uv": [ 1.0, 9.0, 15.0, 11.999999988079072 ], "rotation": 90 },
                "down": { "texture": "#0", "uv": [ 1.0, 9.0, 15.0, 11.999999988079072 ], "rotation": 90 }
            }
        },
        {
            "name": "bar_E",
            "from": [ 11.400000005960464, 4.0, 5.0 ], 
            "to": [ 11.600000005960464, 5.0, 10.999999985098839 ], 
            "faces": {
                "north": { "texture": "#0", "uv": [ 0.0, 9.0, 16.0, 16.0 ] },
                "east": { "texture": "#0", "uv": [ 0.0, 10.0, 15.999999985098839, 16.0 ] },
                "south": { "texture": "#0", "uv": [ 0.0, 9.0, 6.0, 16.0 ] },
                "west": { "texture": "#0", "uv": [ 0.0, 9.0, 5.999999985098839, 16.0 ] },
                "up": { "texture": "#0", "uv": [ 1.0, 9.0, 15.0, 11.999999988079072 ], "rotation": 90 },
                "down": { "texture": "#0", "uv": [ 1.0, 9.0, 15.0, 11.999999988079072 ] }
            }
        },
        {
            "name": "rubber_NO",
            "from": [ 4.0, 0.0, 4.0 ], 
            "to": [ 5.0, 1.0, 5.0 ], 
            "faces": {
                "north": { "texture": "#3", "uv": [ 0.0, 0.0, 1.0, 1.0 ] },
                "east": { "texture": "#3", "uv": [ 0.0, 0.0, 1.0, 1.0 ] },
                "south": { "texture": "#3", "uv": [ 0.0, 0.0, 1.0, 1.0 ] },
                "west": { "texture": "#3", "uv": [ 0.0, 0.0, 1.0, 1.0 ] },
                "up": { "texture": "#3", "uv": [ 0.0, 0.0, 1.0, 1.0 ] },
                "down": { "texture": "#3", "uv": [ 0.0, 0.0, 1.0, 1.0 ] }
            }
        },
        {
            "name": "rubber_NE",
            "from": [ 11.0, 0.0, 4.0 ], 
            "to": [ 12.0, 1.0, 5.0 ], 
            "faces": {
                "north": { "texture": "#3", "uv": [ 0.0, 0.0, 1.0, 1.0 ] },
                "east": { "texture": "#3", "uv": [ 0.0, 0.0, 1.0, 1.0 ] },
                "south": { "texture": "#3", "uv": [ 0.0, 0.0, 1.0, 1.0 ] },
                "west": { "texture": "#3", "uv": [ 0.0, 0.0, 1.0, 1.0 ] },
                "up": { "texture": "#3", "uv": [ 0.0, 0.0, 1.0, 1.0 ] },
                "down": { "texture": "#3", "uv": [ 0.0, 0.0, 1.0, 1.0 ] }
            }
        },
        {
            "name": "rubber_SE",
            "from": [ 11.0, 0.0, 11.0 ], 
            "to": [ 12.0, 1.0, 12.0 ], 
            "faces": {
                "north": { "texture": "#3", "uv": [ 0.0, 0.0, 1.0, 1.0 ] },
                "east": { "texture": "#3", "uv": [ 0.0, 0.0, 1.0, 1.0 ] },
                "south": { "texture": "#3", "uv": [ 0.0, 0.0, 1.0, 1.0 ] },
                "west": { "texture": "#3", "uv": [ 0.0, 0.0, 1.0, 1.0 ] },
                "up": { "texture": "#3", "uv": [ 0.0, 0.0, 1.0, 1.0 ] },
                "down": { "texture": "#3", "uv": [ 0.0, 0.0, 1.0, 1.0 ] }
            }
        },
        {
            "name": "rubber_SO",
            "from": [ 4.0, 0.0, 11.0 ], 
            "to": [ 5.0, 1.0, 12.0 ], 
            "faces": {
                "north": { "texture": "#3", "uv": [ 0.0, 0.0, 1.0, 1.0 ] },
                "east": { "texture": "#3", "uv": [ 0.0, 0.0, 1.0, 1.0 ] },
                "south": { "texture": "#3", "uv": [ 0.0, 0.0, 1.0, 1.0 ] },
                "west": { "texture": "#3", "uv": [ 0.0, 0.0, 1.0, 1.0 ] },
                "up": { "texture": "#3", "uv": [ 0.0, 0.0, 1.0, 1.0 ] },
                "down": { "texture": "#3", "uv": [ 0.0, 0.0, 1.0, 1.0 ] }
            }
        }
    ]
}