{
    "__comment": "Model generated using MrCrayfish's Model Creator (http://mrcrayfish.com/modelcreator/)",
    "textures": {
        "0": "block/coal_block",
        "1": "block/beacon"
    },
    "elements": [
        {
            "name": "Base1",
            "from": [ 5.0, 0.0, 5.0 ], 
            "to": [ 11.0, 1.0, 11.0 ], 
            "faces": {
                "north": { "texture": "#0", "uv": [ 0.0, 0.0, 6.0, 1.0 ] },
                "east": { "texture": "#0", "uv": [ 0.0, 0.0, 6.0, 1.0 ] },
                "south": { "texture": "#0", "uv": [ 0.0, 0.0, 6.0, 1.0 ] },
                "west": { "texture": "#0", "uv": [ 0.0, 0.0, 6.0, 1.0 ] },
                "up": { "texture": "#0", "uv": [ 0.0, 0.0, 6.0, 6.0 ] },
                "down": { "texture": "#0", "uv": [ 0.0, 0.0, 6.0, 6.0 ] }
            }
        },
        {
            "name": "Base2",
            "from": [ 4.0, 1.0, 4.0 ], 
            "to": [ 12.0, 2.0, 12.0 ], 
            "faces": {
                "north": { "texture": "#0", "uv": [ 0.0, 0.0, 8.0, 1.0 ] },
                "east": { "texture": "#0", "uv": [ 0.0, 0.0, 8.0, 1.0 ] },
                "south": { "texture": "#0", "uv": [ 0.0, 0.0, 8.0, 1.0 ] },
                "west": { "texture": "#0", "uv": [ 0.0, 0.0, 8.0, 1.0 ] },
                "up": { "texture": "#0", "uv": [ 0.0, 0.0, 8.0, 8.0 ] },
                "down": { "texture": "#0", "uv": [ 0.0, 0.0, 8.0, 8.0 ] }
            }
        },
        {
            "name": "BaseN",
            "from": [ 6.0, 1.0, 3.0 ], 
            "to": [ 10.0, 2.0, 4.0 ], 
            "faces": {
                "north": { "texture": "#0", "uv": [ 0.0, 0.0, 4.0, 1.0 ] },
                "east": { "texture": "#0", "uv": [ 0.0, 0.0, 1.0, 1.0 ] },
                "south": { "texture": "#0", "uv": [ 0.0, 0.0, 4.0, 1.0 ] },
                "west": { "texture": "#0", "uv": [ 0.0, 0.0, 1.0, 1.0 ] },
                "up": { "texture": "#0", "uv": [ 0.0, 0.0, 4.0, 1.0 ] },
                "down": { "texture": "#0", "uv": [ 0.0, 0.0, 4.0, 1.0 ] }
            }
        },
        {
            "name": "BaseS",
            "from": [ 6.0, 1.0, 12.0 ], 
            "to": [ 10.0, 2.0, 13.0 ], 
            "faces": {
                "north": { "texture": "#0", "uv": [ 0.0, 0.0, 4.0, 1.0 ] },
                "east": { "texture": "#0", "uv": [ 0.0, 0.0, 1.0, 1.0 ] },
                "south": { "texture": "#0", "uv": [ 0.0, 0.0, 4.0, 1.0 ] },
                "west": { "texture": "#0", "uv": [ 0.0, 0.0, 1.0, 1.0 ] },
                "up": { "texture": "#0", "uv": [ 0.0, 0.0, 4.0, 1.0 ] },
                "down": { "texture": "#0", "uv": [ 0.0, 0.0, 4.0, 1.0 ] }
            }
        },
        {
            "name": "BaseO",
            "from": [ 3.0, 1.0, 6.0 ], 
            "to": [ 4.0, 2.0, 10.0 ], 
            "faces": {
                "north": { "texture": "#0", "uv": [ 0.0, 0.0, 1.0, 1.0 ] },
                "east": { "texture": "#0", "uv": [ 0.0, 0.0, 4.0, 1.0 ] },
                "south": { "texture": "#0", "uv": [ 0.0, 0.0, 1.0, 1.0 ] },
                "west": { "texture": "#0", "uv": [ 0.0, 0.0, 4.0, 1.0 ] },
                "up": { "texture": "#0", "uv": [ 0.0, 0.0, 1.0, 4.0 ] },
                "down": { "texture": "#0", "uv": [ 0.0, 0.0, 1.0, 4.0 ] }
            }
        },
        {
            "name": "BaseE",
            "from": [ 12.0, 1.0, 6.0 ], 
            "to": [ 13.0, 2.0, 10.0 ], 
            "faces": {
                "north": { "texture": "#0", "uv": [ 0.0, 0.0, 1.0, 1.0 ] },
                "east": { "texture": "#0", "uv": [ 0.0, 0.0, 4.0, 1.0 ] },
                "south": { "texture": "#0", "uv": [ 0.0, 0.0, 1.0, 1.0 ] },
                "west": { "texture": "#0", "uv": [ 0.0, 0.0, 4.0, 1.0 ] },
                "up": { "texture": "#0", "uv": [ 0.0, 0.0, 1.0, 4.0 ] },
                "down": { "texture": "#0", "uv": [ 0.0, 0.0, 1.0, 4.0 ] }
            }
        },
        {
            "name": "Barreau 1",
            "from": [ 6.0, 2.0, 3.0 ], 
            "to": [ 7.0, 15.0, 4.0 ], 
            "faces": {
                "north": { "texture": "#0", "uv": [ 0.0, 0.0, 1.0, 13.0 ] },
                "east": { "texture": "#0", "uv": [ 0.0, 0.0, 1.0, 13.0 ] },
                "south": { "texture": "#0", "uv": [ 0.0, 0.0, 1.0, 13.0 ] },
                "west": { "texture": "#0", "uv": [ 0.0, 0.0, 1.0, 13.0 ] },
                "up": { "texture": "#0", "uv": [ 0.0, 0.0, 1.0, 1.0 ] },
                "down": { "texture": "#0", "uv": [ 0.0, 0.0, 1.0, 1.0 ] }
            }
        },
        {
            "name": "Barreau 2",
            "from": [ 9.0, 2.0, 3.0 ], 
            "to": [ 10.0, 15.0, 4.0 ], 
            "faces": {
                "north": { "texture": "#0", "uv": [ 0.0, 0.0, 1.0, 13.0 ] },
                "east": { "texture": "#0", "uv": [ 0.0, 0.0, 1.0, 13.0 ] },
                "south": { "texture": "#0", "uv": [ 0.0, 0.0, 1.0, 13.0 ] },
                "west": { "texture": "#0", "uv": [ 0.0, 0.0, 1.0, 13.0 ] },
                "up": { "texture": "#0", "uv": [ 0.0, 0.0, 1.0, 1.0 ] },
                "down": { "texture": "#0", "uv": [ 0.0, 0.0, 1.0, 1.0 ] }
            }
        },
        {
            "name": "Barreau 3",
            "from": [ 10.49999999254942, 2.0, 4.0 ], 
            "to": [ 11.49999999254942, 15.0, 5.0 ], 
            "rotation": { "origin": [ 11.49999999254942, 15.0, 4.500000007450581 ], "axis": "y", "angle": 45.0 },
            "faces": {
                "north": { "texture": "#0", "uv": [ 0.0, 0.0, 1.0, 13.0 ] },
                "east": { "texture": "#0", "uv": [ 0.0, 0.0, 1.0, 13.0 ] },
                "south": { "texture": "#0", "uv": [ 0.0, 0.0, 1.0, 13.0 ] },
                "west": { "texture": "#0", "uv": [ 0.0, 0.0, 1.0, 13.0 ] },
                "up": { "texture": "#0", "uv": [ 0.0, 0.0, 1.0, 1.0 ] },
                "down": { "texture": "#0", "uv": [ 0.0, 0.0, 1.0, 1.0 ] }
            }
        },
        {
            "name": "Barreau 4",
            "from": [ 12.0, 2.0, 6.0 ], 
            "to": [ 13.0, 15.0, 7.0 ], 
            "faces": {
                "north": { "texture": "#0", "uv": [ 0.0, 0.0, 1.0, 13.0 ] },
                "east": { "texture": "#0", "uv": [ 0.0, 0.0, 1.0, 13.0 ] },
                "south": { "texture": "#0", "uv": [ 0.0, 0.0, 1.0, 13.0 ] },
                "west": { "texture": "#0", "uv": [ 0.0, 0.0, 1.0, 13.0 ] },
                "up": { "texture": "#0", "uv": [ 0.0, 0.0, 1.0, 1.0 ] },
                "down": { "texture": "#0", "uv": [ 0.0, 0.0, 1.0, 1.0 ] }
            }
        },
        {
            "name": "Barreau 5",
            "from": [ 12.0, 2.0, 9.0 ], 
            "to": [ 13.0, 15.0, 10.0 ], 
            "faces": {
                "north": { "texture": "#0", "uv": [ 0.0, 0.0, 1.0, 13.0 ] },
                "east": { "texture": "#0", "uv": [ 0.0, 0.0, 1.0, 13.0 ] },
                "south": { "texture": "#0", "uv": [ 0.0, 0.0, 1.0, 13.0 ] },
                "west": { "texture": "#0", "uv": [ 0.0, 0.0, 1.0, 13.0 ] },
                "up": { "texture": "#0", "uv": [ 0.0, 0.0, 1.0, 1.0 ] },
                "down": { "texture": "#0", "uv": [ 0.0, 0.0, 1.0, 1.0 ] }
            }
        },
        {
            "name": "Barreau 6",
            "from": [ 11.0, 2.0, 10.49999999254942 ], 
            "to": [ 12.0, 15.0, 11.49999999254942 ], 
            "rotation": { "origin": [ 11.49999999254942, 16.0, 11.49999999254942 ], "axis": "y", "angle": 45.0 },
            "faces": {
                "north": { "texture": "#0", "uv": [ 0.0, 0.0, 1.0, 13.0 ] },
                "east": { "texture": "#0", "uv": [ 0.0, 0.0, 1.0, 13.0 ] },
                "south": { "texture": "#0", "uv": [ 0.0, 0.0, 1.0, 13.0 ] },
                "west": { "texture": "#0", "uv": [ 0.0, 0.0, 1.0, 13.0 ] },
                "up": { "texture": "#0", "uv": [ 0.0, 0.0, 1.0, 1.0 ] },
                "down": { "texture": "#0", "uv": [ 0.0, 0.0, 1.0, 1.0 ] }
            }
        },
        {
            "name": "Barreau 7",
            "from": [ 9.0, 2.0, 12.0 ], 
            "to": [ 10.0, 15.0, 13.0 ], 
            "faces": {
                "north": { "texture": "#0", "uv": [ 0.0, 0.0, 1.0, 13.0 ] },
                "east": { "texture": "#0", "uv": [ 0.0, 0.0, 1.0, 13.0 ] },
                "south": { "texture": "#0", "uv": [ 0.0, 0.0, 1.0, 13.0 ] },
                "west": { "texture": "#0", "uv": [ 0.0, 0.0, 1.0, 13.0 ] },
                "up": { "texture": "#0", "uv": [ 0.0, 0.0, 1.0, 1.0 ] },
                "down": { "texture": "#0", "uv": [ 0.0, 0.0, 1.0, 1.0 ] }
            }
        },
        {
            "name": "Barreau 8",
            "from": [ 6.0, 2.0, 12.0 ], 
            "to": [ 7.0, 15.0, 13.0 ], 
            "faces": {
                "north": { "texture": "#0", "uv": [ 0.0, 0.0, 1.0, 13.0 ] },
                "east": { "texture": "#0", "uv": [ 0.0, 0.0, 1.0, 13.0 ] },
                "south": { "texture": "#0", "uv": [ 0.0, 0.0, 1.0, 13.0 ] },
                "west": { "texture": "#0", "uv": [ 0.0, 0.0, 1.0, 13.0 ] },
                "up": { "texture": "#0", "uv": [ 0.0, 0.0, 1.0, 1.0 ] },
                "down": { "texture": "#0", "uv": [ 0.0, 0.0, 1.0, 1.0 ] }
            }
        },
        {
            "name": "Barreau 9",
            "from": [ 4.500000007450581, 2.0, 11.0 ], 
            "to": [ 5.500000007450581, 15.0, 12.0 ], 
            "rotation": { "origin": [ 4.5, 16.0, 11.5 ], "axis": "y", "angle": 45.0 },
            "faces": {
                "north": { "texture": "#0", "uv": [ 0.0, 0.0, 1.0, 13.0 ] },
                "east": { "texture": "#0", "uv": [ 0.0, 0.0, 1.0, 13.0 ] },
                "south": { "texture": "#0", "uv": [ 0.0, 0.0, 1.0, 13.0 ] },
                "west": { "texture": "#0", "uv": [ 0.0, 0.0, 1.0, 13.0 ] },
                "up": { "texture": "#0", "uv": [ 0.0, 0.0, 1.0, 1.0 ] },
                "down": { "texture": "#0", "uv": [ 0.0, 0.0, 1.0, 1.0 ] }
            }
        },
        {
            "name": "Barreau 10",
            "from": [ 3.0, 2.0, 9.0 ], 
            "to": [ 4.0, 15.0, 10.0 ], 
            "faces": {
                "north": { "texture": "#0", "uv": [ 0.0, 0.0, 1.0, 13.0 ] },
                "east": { "texture": "#0", "uv": [ 0.0, 0.0, 1.0, 13.0 ] },
                "south": { "texture": "#0", "uv": [ 0.0, 0.0, 1.0, 13.0 ] },
                "west": { "texture": "#0", "uv": [ 0.0, 0.0, 1.0, 13.0 ] },
                "up": { "texture": "#0", "uv": [ 0.0, 0.0, 1.0, 1.0 ] },
                "down": { "texture": "#0", "uv": [ 0.0, 0.0, 1.0, 1.0 ] }
            }
        },
        {
            "name": "Barreau 11",
            "from": [ 3.0, 2.0, 6.0 ], 
            "to": [ 4.0, 15.0, 7.0 ], 
            "faces": {
                "north": { "texture": "#0", "uv": [ 0.0, 0.0, 1.0, 13.0 ] },
                "east": { "texture": "#0", "uv": [ 0.0, 0.0, 1.0, 13.0 ] },
                "south": { "texture": "#0", "uv": [ 0.0, 0.0, 1.0, 13.0 ] },
                "west": { "texture": "#0", "uv": [ 0.0, 0.0, 1.0, 13.0 ] },
                "up": { "texture": "#0", "uv": [ 0.0, 0.0, 1.0, 1.0 ] },
                "down": { "texture": "#0", "uv": [ 0.0, 0.0, 1.0, 1.0 ] }
            }
        },
        {
            "name": "Barreau 12",
            "from": [ 4.0, 2.0, 4.499999992549419 ], 
            "to": [ 5.0, 15.0, 5.499999992549419 ], 
            "rotation": { "origin": [ 4.500000007450581, 8.0, 4.500000007450581 ], "axis": "y", "angle": 45.0 },
            "faces": {
                "north": { "texture": "#0", "uv": [ 0.0, 0.0, 1.0, 13.0 ] },
                "east": { "texture": "#0", "uv": [ 0.0, 0.0, 1.0, 13.0 ] },
                "south": { "texture": "#0", "uv": [ 0.0, 0.0, 1.0, 13.0 ] },
                "west": { "texture": "#0", "uv": [ 0.0, 0.0, 1.0, 13.0 ] },
                "up": { "texture": "#0", "uv": [ 0.0, 0.0, 1.0, 1.0 ] },
                "down": { "texture": "#0", "uv": [ 0.0, 0.0, 1.0, 1.0 ] }
            }
        },
        {
            "name": "Top_N",
            "from": [ 6.0, 15.0, 3.0 ], 
            "to": [ 10.0, 16.0, 4.0 ], 
            "faces": {
                "north": { "texture": "#0", "uv": [ 0.0, 0.0, 4.0, 1.0 ] },
                "east": { "texture": "#0", "uv": [ 0.0, 0.0, 1.0, 1.0 ] },
                "south": { "texture": "#0", "uv": [ 0.0, 0.0, 4.0, 1.0 ] },
                "west": { "texture": "#0", "uv": [ 0.0, 0.0, 1.0, 1.0 ] },
                "up": { "texture": "#0", "uv": [ 0.0, 0.0, 4.0, 1.0 ] },
                "down": { "texture": "#0", "uv": [ 0.0, 0.0, 4.0, 1.0 ] }
            }
        },
        {
            "name": "Top_S",
            "from": [ 6.0, 15.0, 12.0 ], 
            "to": [ 10.0, 16.0, 13.0 ], 
            "faces": {
                "north": { "texture": "#0", "uv": [ 0.0, 0.0, 4.0, 1.0 ] },
                "east": { "texture": "#0", "uv": [ 0.0, 0.0, 1.0, 1.0 ] },
                "south": { "texture": "#0", "uv": [ 0.0, 0.0, 4.0, 1.0 ] },
                "west": { "texture": "#0", "uv": [ 0.0, 0.0, 1.0, 1.0 ] },
                "up": { "texture": "#0", "uv": [ 0.0, 0.0, 4.0, 1.0 ] },
                "down": { "texture": "#0", "uv": [ 0.0, 0.0, 4.0, 1.0 ] }
            }
        },
        {
            "name": "Top_O",
            "from": [ 3.0, 15.0, 6.0 ], 
            "to": [ 4.0, 16.0, 10.0 ], 
            "faces": {
                "north": { "texture": "#0", "uv": [ 0.0, 0.0, 1.0, 1.0 ] },
                "east": { "texture": "#0", "uv": [ 0.0, 0.0, 4.0, 1.0 ] },
                "south": { "texture": "#0", "uv": [ 0.0, 0.0, 1.0, 1.0 ] },
                "west": { "texture": "#0", "uv": [ 0.0, 0.0, 4.0, 1.0 ] },
                "up": { "texture": "#0", "uv": [ 0.0, 0.0, 1.0, 4.0 ] },
                "down": { "texture": "#0", "uv": [ 0.0, 0.0, 1.0, 4.0 ] }
            }
        },
        {
            "name": "Top_E",
            "from": [ 12.0, 15.0, 6.0 ], 
            "to": [ 13.0, 16.0, 10.0 ], 
            "faces": {
                "north": { "texture": "#0", "uv": [ 0.0, 0.0, 1.0, 1.0 ] },
                "east": { "texture": "#0", "uv": [ 0.0, 0.0, 4.0, 1.0 ] },
                "south": { "texture": "#0", "uv": [ 0.0, 0.0, 1.0, 1.0 ] },
                "west": { "texture": "#0", "uv": [ 0.0, 0.0, 4.0, 1.0 ] },
                "up": { "texture": "#0", "uv": [ 0.0, 0.0, 1.0, 4.0 ] },
                "down": { "texture": "#0", "uv": [ 0.0, 0.0, 1.0, 4.0 ] }
            }
        },
        {
            "name": "Top_NO",
            "from": [ 2.4000000059604645, 15.0, 4.499999992549419 ], 
            "to": [ 6.5999999940395355, 16.0, 5.499999992549419 ], 
            "rotation": { "origin": [ 4.499999992549419, 16.0, 4.499999992549419 ], "axis": "y", "angle": 45.0 },
            "faces": {
                "north": { "texture": "#0", "uv": [ 0.0, 0.0, 4.199999988079071, 1.0 ] },
                "east": { "texture": "#0", "uv": [ 0.0, 0.0, 1.0, 1.0 ] },
                "south": { "texture": "#0", "uv": [ 0.0, 0.0, 4.199999988079071, 1.0 ] },
                "west": { "texture": "#0", "uv": [ 0.0, 0.0, 1.0, 1.0 ] },
                "up": { "texture": "#0", "uv": [ 0.0, 0.0, 4.199999988079071, 1.0 ] },
                "down": { "texture": "#0", "uv": [ 0.0, 0.0, 4.199999988079071, 1.0 ] }
            }
        },
        {
            "name": "Top_NE",
            "from": [ 9.399999991059303, 15.0, 4.500000007450581 ], 
            "to": [ 13.599999994039536, 16.0, 5.500000007450581 ], 
            "rotation": { "origin": [ 11.50000000745058, 16.0, 4.500000007450581 ], "axis": "y", "angle": -45.0 },
            "faces": {
                "north": { "texture": "#0", "uv": [ 0.0, 0.0, 4.200000002980232, 1.0 ] },
                "east": { "texture": "#0", "uv": [ 0.0, 0.0, 1.0, 1.0 ] },
                "south": { "texture": "#0", "uv": [ 0.0, 0.0, 4.200000002980232, 1.0 ] },
                "west": { "texture": "#0", "uv": [ 0.0, 0.0, 1.0, 1.0 ] },
                "up": { "texture": "#0", "uv": [ 0.0, 0.0, 4.200000002980232, 1.0 ] },
                "down": { "texture": "#0", "uv": [ 0.0, 0.0, 4.200000002980232, 1.0 ] }
            }
        },
        {
            "name": "Top_SE",
            "from": [ 9.399999991059303, 15.0, 10.49999999254942 ], 
            "to": [ 13.599999994039536, 16.0, 11.49999999254942 ], 
            "rotation": { "origin": [ 11.49999999254942, 16.0, 11.50000000745058 ], "axis": "y", "angle": 45.0 },
            "faces": {
                "north": { "texture": "#0", "uv": [ 0.0, 0.0, 4.200000002980232, 1.0 ] },
                "east": { "texture": "#0", "uv": [ 0.0, 0.0, 1.0, 1.0 ] },
                "south": { "texture": "#0", "uv": [ 0.0, 0.0, 4.200000002980232, 1.0 ] },
                "west": { "texture": "#0", "uv": [ 0.0, 0.0, 1.0, 1.0 ] },
                "up": { "texture": "#0", "uv": [ 0.0, 0.0, 4.200000002980232, 1.0 ] },
                "down": { "texture": "#0", "uv": [ 0.0, 0.0, 4.200000002980232, 1.0 ] }
            }
        },
        {
            "name": "Top_SO",
            "from": [ 2.4000000059604645, 15.0, 10.49999999254942 ], 
            "to": [ 6.600000008940697, 16.0, 11.49999999254942 ], 
            "rotation": { "origin": [ 4.500000007450581, 16.0, 11.49999999254942 ], "axis": "y", "angle": -45.0 },
            "faces": {
                "north": { "texture": "#0", "uv": [ 0.0, 0.0, 4.200000002980232, 1.0 ] },
                "east": { "texture": "#0", "uv": [ 0.0, 0.0, 1.0, 1.0 ] },
                "south": { "texture": "#0", "uv": [ 0.0, 0.0, 4.200000002980232, 1.0 ] },
                "west": { "texture": "#0", "uv": [ 0.0, 0.0, 1.0, 1.0 ] },
                "up": { "texture": "#0", "uv": [ 0.0, 0.0, 4.200000002980232, 1.0 ] },
                "down": { "texture": "#0", "uv": [ 0.0, 0.0, 4.200000002980232, 1.0 ] }
            }
        },
        {
            "name": "Sac_N",
            "from": [ 5.0, 2.0, 4.700000010430813 ], 
            "to": [ 11.0, 15.0, 5.0 ], 
            "faces": {
                "north": { "texture": "#1", "uv": [ 0.0, 0.0, 6.0, 13.0 ] },
                "east": { "texture": "#1", "uv": [ 0.0, 0.0, 0.29999998956918716, 13.0 ] },
                "south": { "texture": "#1", "uv": [ 0.0, 0.0, 6.0, 13.0 ] },
                "west": { "texture": "#1", "uv": [ 0.0, 0.0, 0.29999998956918716, 13.0 ] },
                "up": { "texture": "#1", "uv": [ 0.0, 0.0, 6.0, 0.29999998956918716 ] },
                "down": { "texture": "#1", "uv": [ 0.0, 0.0, 6.0, 0.29999998956918716 ] }
            }
        },
        {
            "name": "Sac_O",
            "from": [ 5.0, 2.0, 5.0 ], 
            "to": [ 5.299999989569187, 15.0, 11.0 ], 
            "faces": {
                "north": { "texture": "#1", "uv": [ 0.0, 0.0, 0.29999998956918716, 13.0 ] },
                "east": { "texture": "#1", "uv": [ 0.0, 0.0, 6.0, 13.0 ] },
                "south": { "texture": "#1", "uv": [ 0.0, 0.0, 0.29999998956918716, 13.0 ] },
                "west": { "texture": "#1", "uv": [ 0.0, 0.0, 6.0, 13.0 ] },
                "up": { "texture": "#1", "uv": [ 0.0, 0.0, 0.29999998956918716, 6.0 ] },
                "down": { "texture": "#1", "uv": [ 0.0, 0.0, 0.29999998956918716, 6.0 ] }
            }
        },
        {
            "name": "Sac_S",
            "from": [ 5.0, 2.0, 11.0 ], 
            "to": [ 11.0, 15.0, 11.299999989569187 ], 
            "faces": {
                "north": { "texture": "#1", "uv": [ 0.0, 0.0, 6.0, 13.0 ] },
                "east": { "texture": "#1", "uv": [ 0.0, 0.0, 0.29999998956918716, 13.0 ] },
                "south": { "texture": "#1", "uv": [ 0.0, 0.0, 6.0, 13.0 ] },
                "west": { "texture": "#1", "uv": [ 0.0, 0.0, 0.29999998956918716, 13.0 ] },
                "up": { "texture": "#1", "uv": [ 0.0, 0.0, 6.0, 0.29999998956918716 ] },
                "down": { "texture": "#1", "uv": [ 0.0, 0.0, 6.0, 0.29999998956918716 ] }
            }
        },
        {
            "name": "Sac_E",
            "from": [ 10.700000010430813, 2.0, 5.0 ], 
            "to": [ 11.0, 15.0, 11.0 ], 
            "faces": {
                "north": { "texture": "#1", "uv": [ 0.0, 0.0, 0.29999998956918716, 13.0 ] },
                "east": { "texture": "#1", "uv": [ 0.0, 0.0, 6.0, 13.0 ] },
                "south": { "texture": "#1", "uv": [ 0.0, 0.0, 0.29999998956918716, 13.0 ] },
                "west": { "texture": "#1", "uv": [ 0.0, 0.0, 6.0, 13.0 ] },
                "up": { "texture": "#1", "uv": [ 0.0, 0.0, 0.29999998956918716, 6.0 ] },
                "down": { "texture": "#1", "uv": [ 0.0, 0.0, 0.29999998956918716, 6.0 ] }
            }
        }
    ]
}