{
    "__comment": "Model generated using MrCrayfish's Model Creator (http://mrcrayfish.com/modelcreator/)",
    "textures": {
        "particle": "block/air",
        "0": "block/quartz_block_side",
        "1": "block/reflector_yellow"
    },
    "elements": [
        {
            "name": "Bottom Half",
            "from": [ 7.0, 0.0, 7.0 ], 
            "to": [ 9.0, 20.0, 9.0 ], 
            "faces": {
                "north": { "texture": "#0", "uv": [ 2.0, 0.0, 2.0, 14.0 ] },
                "east": { "texture": "#0", "uv": [ 2.0, 0.0, 2.0, 14.0 ] },
                "south": { "texture": "#0", "uv": [ 2.0, 0.0, 2.0, 14.0 ] },
                "west": { "texture": "#0", "uv": [ 2.0, 0.0, 2.0, 14.0 ] },
                "up": { "texture": "#0", "uv": [ 0.0, 0.0, 2.0, 2.0 ] },
                "down": { "texture": "#0", "uv": [ 0.0, 0.0, 2.0, 2.0 ] }
            }
        },
        {
            "name": "Top Half",
            "from": [ 7.0, 20.0, 7.0 ], 
            "to": [ 9.0, 26.0, 9.0 ], 
            "faces": {
                "north": { "texture": "#1", "uv": [ 0.0, 2.0, 2.0, 8.0 ] },
                "east": { "texture": "#1", "uv": [ 0.0, 2.0, 2.0, 8.0 ] },
                "south": { "texture": "#1", "uv": [ 0.0, 2.0, 2.0, 8.0 ] },
                "west": { "texture": "#1", "uv": [ 0.0, 2.0, 2.0, 8.0 ] },
                "up": { "texture": "#1", "uv": [ 0.0, 0.0, 2.0, 2.0 ] },
                "down": { "texture": "#1", "uv": [ 0.0, 0.0, 2.0, 2.0 ] }
            }
        }
    ]
}