{
    "__comment": "Model generated using MrCrayfish's Model Creator (http://mrcrayfish.com/modelcreator/)",
    "textures": {
        "0": "block/black_terracotta",
        "1": "block/reflector_yellow"
    },
    "elements": [
        {
            "name": "Cube",
            "from": [ 6.0, 0.0, 6.0 ], 
            "to": [ 10.0, 2.0, 10.0 ], 
            "faces": {
                "north": { "texture": "#0", "uv": [ 0.0, 0.0, 4.0, 2.0 ] },
                "east": { "texture": "#0", "uv": [ 0.0, 0.0, 4.0, 2.0 ] },
                "south": { "texture": "#0", "uv": [ 0.0, 0.0, 4.0, 2.0 ] },
                "west": { "texture": "#0", "uv": [ 0.0, 0.0, 4.0, 2.0 ] },
                "up": { "texture": "#0", "uv": [ 0.0, 0.0, 4.0, 4.0 ] },
                "down": { "texture": "#0", "uv": [ 0.0, 0.0, 4.0, 4.0 ] }
            }
        },
        {
            "name": "Cube",
            "from": [ 7.0, 2.0, 7.0 ], 
            "to": [ 9.0, 16.0, 9.0 ], 
            "faces": {
                "north": { "texture": "#1", "uv": [ 0.0, 0.0, 2.0, 14.0 ] },
                "east": { "texture": "#1", "uv": [ 0.0, 0.0, 2.0, 14.0 ] },
                "south": { "texture": "#1", "uv": [ 0.0, 0.0, 2.0, 14.0 ] },
                "west": { "texture": "#1", "uv": [ 0.0, 0.0, 2.0, 14.0 ] },
                "up": { "texture": "#1", "uv": [ 0.0, 0.0, 2.0, 2.0 ] },
                "down": { "texture": "#1", "uv": [ 0.0, 0.0, 2.0, 2.0 ] }
            }
        }
    ]
}