{
    "__comment": "Designed by sean_ob for OB-Minecraft",
	"multipart": [
        {   "when": { "has_bottle_0": "false", "has_bottle_1": "false", "has_bottle_2": "false" },
		    "apply": { "model": "block/bs_traffic_cone" }
		},
        {   "when": { "has_bottle_0": "true", "has_bottle_1": "false", "has_bottle_2": "false" },
            "apply": { "model": "block/bs_bedside_lamp" }
        },
        {   "when": { "has_bottle_0": "false", "has_bottle_1": "true", "has_bottle_2": "false" },
            "apply": { "model": "block/bs_bar_table" }
        },
        {   "when": { "has_bottle_0": "false", "has_bottle_1": "false", "has_bottle_2": "true" },
            "apply": { "model": "block/bs_seat" }
        },
        {   "when": { "has_bottle_0": "true", "has_bottle_1": "true", "has_bottle_2": "false" },
            "apply": { "model": "block/bs_trash" }
        },
        {   "when": { "has_bottle_0": "true", "has_bottle_1": "false", "has_bottle_2": "true" },
            "apply": { "model": "block/bs_docking_pad" }
        },
        {   "when": { "has_bottle_0": "false", "has_bottle_1": "true", "has_bottle_2": "true" },
            "apply": { "model": "block/bs_umbrella" }
        },
        {   "when": { "has_bottle_0": "true", "has_bottle_1": "true", "has_bottle_2": "true" },
            "apply": { "model": "block/bs_traffic_cone2" }
        }
    ]
}
